service_id,vehicle_id,customer_id,service_date,service_type,service_cost
SR0001,V0001,C0001,2024-09-15,AC Service,6307
SR0002,V0002,C0002,2023-11-27,Oil Change,5538
SR0003,V0003,C0003,2024-12-16,AC Service,5100
SR0004,V0004,C0004,2025-02-02,Wheel Alignment,2130
SR0005,V0005,C0005,2024-05-07,General Service,6100
SR0006,V0006,C0006,2024-08-21,Brake Service,4672
SR0007,V0007,C0007,2023-07-11,Full Service,3299
SR0008,V0008,C0008,2025-06-20,Brake Service,9241
SR0009,V0009,C0009,2025-03-25,Oil Change,5367
SR0010,V0010,C0010,2025-12-21,Wheel Alignment,13058
SR0011,V0011,C0011,2024-03-24,Oil Change,9655
SR0012,V0012,C0012,2024-08-18,Oil Change,7872
SR0013,V0013,C0013,2024-12-08,General Service,13873
SR0014,V0014,C0014,2025-03-13,Oil Change,11196
SR0015,V0015,C0015,2025-02-28,General Service,13468
SR0016,V0016,C0016,2024-04-24,AC Service,6738
SR0017,V0017,C0017,2024-11-08,General Service,2311
SR0018,V0018,C0018,2025-09-06,General Service,8962
SR0019,V0019,C0019,2025-03-14,Brake Service,14045
SR0020,V0020,C0020,2024-01-31,Wheel Alignment,6258
SR0021,V0021,C0021,2024-12-17,Oil Change,13578
SR0022,V0022,C0022,2024-05-28,Wheel Alignment,14070
SR0023,V0023,C0023,2023-11-30,Brake Service,3080
SR0024,V0024,C0024,2025-12-17,General Service,7231
SR0025,V0025,C0025,2024-12-18,Full Service,14668
SR0026,V0026,C0026,2024-08-01,Oil Change,13485
SR0027,V0027,C0027,2024-01-15,Brake Service,2654
SR0028,V0028,C0028,2023-08-27,Brake Service,9363
SR0029,V0029,C0029,2024-11-01,Full Service,2543
SR0030,V0030,C0030,2025-08-22,AC Service,2758
SR0031,V0031,C0031,2023-08-17,AC Service,9644
SR0032,V0032,C0032,2025-01-30,Brake Service,2826
SR0033,V0033,C0033,2023-08-06,Brake Service,9093
SR0034,V0034,C0034,2025-05-11,Wheel Alignment,13270
SR0035,V0035,C0035,2023-11-13,AC Service,6590
SR0036,V0036,C0036,2025-04-26,Wheel Alignment,14325
SR0037,V0037,C0037,2024-04-04,Brake Service,7774
SR0038,V0038,C0038,2024-05-11,Full Service,10288
SR0039,V0039,C0039,2023-08-20,Oil Change,8179
SR0040,V0040,C0040,2024-11-21,Full Service,10718
SR0041,V0041,C0041,2023-11-22,General Service,14060
SR0042,V0042,C0042,2024-11-26,Brake Service,11559
SR0043,V0043,C0043,2025-01-16,General Service,9648
SR0044,V0044,C0044,2024-06-30,Brake Service,13152
SR0045,V0045,C0045,2023-04-28,General Service,2598
SR0046,V0046,C0046,2023-06-11,AC Service,3825
SR0047,V0047,C0047,2024-10-11,AC Service,5977
SR0048,V0048,C0048,2025-08-31,Full Service,2579
SR0049,V0049,C0049,2024-12-16,AC Service,5713
SR0050,V0050,C0050,2023-10-19,Wheel Alignment,7726
SR0051,V0051,C0051,2023-12-31,Full Service,5943
SR0052,V0052,C0052,2024-06-08,Full Service,10880
SR0053,V0053,C0053,2024-05-15,AC Service,1913
SR0054,V0054,C0054,2024-01-24,Full Service,13984
SR0055,V0055,C0055,2024-10-10,Brake Service,3524
SR0056,V0056,C0056,2025-02-15,Wheel Alignment,14099
SR0057,V0057,C0057,2025-08-02,AC Service,2153
SR0058,V0058,C0058,2023-09-14,General Service,14123
SR0059,V0059,C0059,2024-02-20,Full Service,6966
SR0060,V0060,C0060,2024-12-02,Wheel Alignment,3457
SR0061,V0061,C0061,2023-12-28,Full Service,11726
SR0062,V0062,C0062,2024-09-13,Brake Service,7272
SR0063,V0063,C0063,2024-11-30,General Service,8113
SR0064,V0064,C0064,2025-09-07,General Service,12722
SR0065,V0065,C0065,2024-10-05,Brake Service,5090
SR0066,V0066,C0066,2024-12-19,AC Service,11974
SR0067,V0067,C0067,2024-12-09,Oil Change,12323
SR0068,V0068,C0068,2024-08-12,Oil Change,4932
SR0069,V0069,C0069,2025-05-19,General Service,7144
SR0070,V0070,C0070,2025-06-17,Full Service,8935
SR0071,V0071,C0071,2023-10-10,Wheel Alignment,9574
SR0072,V0072,C0072,2024-07-21,Wheel Alignment,11228
SR0073,V0073,C0073,2025-04-10,Wheel Alignment,14624
SR0074,V0074,C0074,2024-05-08,General Service,10916
SR0075,V0075,C0075,2025-06-17,AC Service,11014
SR0076,V0076,C0076,2024-06-20,Brake Service,7542
SR0077,V0077,C0077,2025-01-26,Brake Service,11745
SR0078,V0078,C0078,2025-06-22,Wheel Alignment,11630
SR0079,V0079,C0079,2024-09-22,Wheel Alignment,12573
SR0080,V0080,C0080,2024-10-13,Full Service,11158
SR0081,V0081,C0081,2025-03-09,Oil Change,5856
SR0082,V0082,C0082,2025-10-06,AC Service,9607
SR0083,V0083,C0083,2023-09-06,Wheel Alignment,8096
SR0084,V0084,C0084,2023-09-02,Wheel Alignment,13242
SR0085,V0085,C0085,2025-10-23,AC Service,4758
SR0086,V0086,C0086,2024-08-09,General Service,9726
SR0087,V0087,C0087,2025-06-24,Oil Change,9746
SR0088,V0088,C0088,2024-09-20,Full Service,10800
SR0089,V0089,C0089,2025-04-19,Brake Service,12272
SR0090,V0090,C0090,2024-01-23,Full Service,10700
SR0091,V0091,C0091,2024-08-05,General Service,9121
SR0092,V0092,C0092,2025-07-01,General Service,1626
SR0093,V0093,C0093,2023-09-24,General Service,11767
SR0094,V0094,C0094,2024-01-07,General Service,5781
SR0095,V0095,C0095,2024-01-16,Full Service,2642
SR0096,V0096,C0096,2023-09-13,Wheel Alignment,5837
SR0097,V0097,C0097,2024-04-10,Wheel Alignment,13928
SR0098,V0098,C0098,2024-07-15,Oil Change,13573
SR0099,V0099,C0099,2023-07-16,Wheel Alignment,3461
SR0100,V0100,C0100,2024-03-20,Oil Change,13375
SR0101,V0101,C0101,2024-09-17,Oil Change,3575
SR0102,V0102,C0102,2025-01-05,General Service,3154
SR0103,V0103,C0103,2025-01-12,Full Service,11958
SR0104,V0104,C0104,2024-12-14,Full Service,14913
SR0105,V0105,C0105,2024-05-29,AC Service,9157
SR0106,V0106,C0106,2024-02-01,Full Service,1712
SR0107,V0107,C0107,2024-10-21,General Service,9238
SR0108,V0108,C0108,2024-11-10,Brake Service,12340
SR0109,V0109,C0109,2024-03-22,Full Service,9970
SR0110,V0110,C0110,2024-10-05,Oil Change,3399
SR0111,V0111,C0111,2024-03-15,Full Service,11399
SR0112,V0112,C0112,2025-02-25,Oil Change,5640
SR0113,V0113,C0113,2024-01-09,Wheel Alignment,14654
SR0114,V0114,C0114,2025-05-09,Full Service,12195
SR0115,V0115,C0115,2025-02-04,Oil Change,10274
SR0116,V0116,C0116,2025-01-17,General Service,4521
SR0117,V0117,C0117,2024-11-09,Wheel Alignment,4746
SR0118,V0118,C0118,2025-05-18,Wheel Alignment,11397
SR0119,V0119,C0119,2024-02-08,Wheel Alignment,12380
SR0120,V0120,C0120,2024-03-06,AC Service,8416
SR0121,V0121,C0121,2023-04-17,Wheel Alignment,1586
SR0122,V0122,C0122,2024-02-18,Full Service,5593
SR0123,V0123,C0123,2025-02-03,AC Service,6856
SR0124,V0124,C0124,2024-01-12,Wheel Alignment,14716
SR0125,V0125,C0125,2024-08-05,AC Service,10738
SR0126,V0126,C0126,2023-11-03,Full Service,8846
SR0127,V0127,C0127,2023-07-07,Full Service,3091
SR0128,V0128,C0128,2024-09-26,AC Service,5090
SR0129,V0129,C0129,2025-01-24,Brake Service,5381
SR0130,V0130,C0130,2024-10-01,General Service,10844
SR0131,V0131,C0131,2024-07-01,Wheel Alignment,2664
SR0132,V0132,C0132,2025-03-14,Full Service,14716
SR0133,V0133,C0133,2023-06-06,AC Service,10826
SR0134,V0134,C0134,2025-03-25,AC Service,14008
SR0135,V0135,C0135,2024-10-29,Wheel Alignment,8841
SR0136,V0136,C0136,2023-11-29,Brake Service,10727
SR0137,V0137,C0137,2023-10-22,Oil Change,9911
SR0138,V0138,C0138,2025-02-27,Brake Service,6850
SR0139,V0139,C0139,2025-10-22,Full Service,13822
SR0140,V0140,C0140,2025-06-24,Wheel Alignment,13356
SR0141,V0141,C0141,2025-07-02,Brake Service,4266
SR0142,V0142,C0142,2024-02-13,Oil Change,7365
SR0143,V0143,C0143,2024-02-14,AC Service,3232
SR0144,V0144,C0144,2024-11-09,AC Service,3840
SR0145,V0145,C0145,2023-04-27,Wheel Alignment,9751
SR0146,V0146,C0146,2024-10-28,Wheel Alignment,14480
SR0147,V0147,C0147,2023-06-04,Full Service,1586
SR0148,V0148,C0148,2024-02-25,AC Service,8841
SR0149,V0149,C0149,2024-01-12,Wheel Alignment,9065
SR0150,V0150,C0150,2024-08-27,General Service,9726
SR0151,V0151,C0151,2024-03-01,Full Service,2371
SR0152,V0152,C0152,2023-10-25,General Service,4614
SR0153,V0153,C0153,2025-03-30,AC Service,2899
SR0154,V0154,C0154,2025-01-16,Full Service,4208
SR0155,V0155,C0155,2023-09-16,Oil Change,6786
SR0156,V0156,C0156,2024-12-05,Full Service,6239
SR0157,V0157,C0157,2025-06-25,AC Service,11156
SR0158,V0158,C0158,2023-05-21,Full Service,14401
SR0159,V0159,C0159,2023-08-06,Oil Change,10494
SR0160,V0160,C0160,2023-12-13,AC Service,7629
SR0161,V0161,C0161,2024-07-14,Brake Service,12897
SR0162,V0162,C0162,2023-08-14,Oil Change,11549
SR0163,V0163,C0163,2024-01-06,Oil Change,5457
SR0164,V0164,C0164,2024-10-03,Oil Change,11473
SR0165,V0165,C0165,2023-12-04,AC Service,9488
SR0166,V0166,C0166,2023-10-27,General Service,13337
SR0167,V0167,C0167,2024-12-01,Wheel Alignment,10472
SR0168,V0168,C0168,2023-07-25,General Service,12696
SR0169,V0169,C0169,2023-11-28,Brake Service,12758
SR0170,V0170,C0170,2023-07-27,General Service,5199
SR0171,V0171,C0171,2023-09-24,Brake Service,7070
SR0172,V0172,C0172,2023-07-19,Brake Service,13674
SR0173,V0173,C0173,2024-04-05,AC Service,6746
SR0174,V0174,C0174,2025-03-04,Wheel Alignment,13096
SR0175,V0175,C0175,2023-10-16,AC Service,1623
SR0176,V0176,C0176,2023-11-30,Full Service,2689
SR0177,V0177,C0177,2024-11-09,General Service,13463
SR0178,V0178,C0178,2025-01-25,AC Service,2626
SR0179,V0179,C0179,2024-11-01,Brake Service,11414
SR0180,V0180,C0180,2024-06-07,Brake Service,2605
SR0181,V0181,C0181,2025-05-09,AC Service,14581
SR0182,V0182,C0182,2023-08-24,Full Service,8430
SR0183,V0183,C0183,2023-08-17,AC Service,9795
SR0184,V0184,C0184,2024-02-21,Oil Change,14639
SR0185,V0185,C0185,2024-02-12,Full Service,6248
SR0186,V0186,C0186,2024-03-20,Brake Service,10418
SR0187,V0187,C0187,2024-06-21,AC Service,4900
SR0188,V0188,C0188,2024-01-30,AC Service,3554
SR0189,V0189,C0189,2023-09-03,Oil Change,10698
SR0190,V0190,C0190,2024-12-16,Wheel Alignment,3846
SR0191,V0191,C0191,2024-02-03,AC Service,13537
SR0192,V0192,C0192,2025-09-09,Wheel Alignment,4519
SR0193,V0193,C0193,2025-02-19,Oil Change,14622
SR0194,V0194,C0194,2024-12-22,Wheel Alignment,8662
SR0195,V0195,C0195,2024-12-30,Oil Change,11188
SR0196,V0196,C0196,2025-07-17,Full Service,5115
SR0197,V0197,C0197,2023-11-25,General Service,4544
SR0198,V0198,C0198,2023-09-04,Wheel Alignment,4544
SR0199,V0199,C0199,2023-09-01,Wheel Alignment,1599
SR0200,V0200,C0200,2025-05-05,Full Service,12679
SR0201,V0201,C0201,2024-01-22,Brake Service,5917
SR0202,V0202,C0202,2025-07-17,Brake Service,9240
SR0203,V0203,C0203,2024-02-15,AC Service,12843
SR0204,V0204,C0204,2025-10-03,Brake Service,7935
SR0205,V0205,C0205,2024-03-02,Full Service,9444
SR0206,V0206,C0206,2024-05-19,Oil Change,14733
SR0207,V0207,C0207,2024-08-14,AC Service,12714
SR0208,V0208,C0208,2025-02-04,AC Service,8194
SR0209,V0209,C0209,2025-11-03,Oil Change,4912
SR0210,V0210,C0210,2024-01-30,AC Service,13448
SR0211,V0211,C0211,2024-03-22,Oil Change,2727
SR0212,V0212,C0212,2024-05-14,Full Service,2874
SR0213,V0213,C0213,2024-04-02,AC Service,9326
SR0214,V0214,C0214,2024-07-16,Brake Service,8304
SR0215,V0215,C0215,2024-02-26,Brake Service,8737
SR0216,V0216,C0216,2024-01-19,Brake Service,5221
SR0217,V0217,C0217,2025-08-08,Full Service,11093
SR0218,V0218,C0218,2025-02-26,Oil Change,3309
SR0219,V0219,C0219,2025-08-15,Full Service,14316
SR0220,V0220,C0220,2024-05-05,Full Service,12128
SR0221,V0221,C0221,2023-07-18,Oil Change,12922
SR0222,V0222,C0222,2024-06-28,AC Service,11656
SR0223,V0223,C0223,2024-12-16,Full Service,5535
SR0224,V0224,C0224,2024-02-07,Oil Change,13200
SR0225,V0225,C0225,2024-02-02,Oil Change,6295
SR0226,V0226,C0226,2024-08-13,Oil Change,14872
SR0227,V0227,C0227,2024-10-28,Full Service,14993
SR0228,V0228,C0228,2025-07-06,Wheel Alignment,13263
SR0229,V0229,C0229,2023-12-07,Oil Change,4037
SR0230,V0230,C0230,2025-05-15,Wheel Alignment,14770
SR0231,V0231,C0231,2023-10-13,General Service,4141
SR0232,V0232,C0232,2025-05-21,AC Service,11653
SR0233,V0233,C0233,2024-02-26,Wheel Alignment,11446
SR0234,V0234,C0234,2023-12-05,Wheel Alignment,4493
SR0235,V0235,C0235,2024-06-15,Oil Change,7714
SR0236,V0236,C0236,2024-03-30,Wheel Alignment,4178
SR0237,V0237,C0237,2024-07-09,Brake Service,14439
SR0238,V0238,C0238,2025-02-04,AC Service,11420
SR0239,V0239,C0239,2024-06-14,General Service,5991
SR0240,V0240,C0240,2024-12-04,Wheel Alignment,8786
SR0241,V0241,C0241,2024-02-04,General Service,14540
SR0242,V0242,C0242,2025-05-22,Full Service,9002
SR0243,V0243,C0243,2024-04-15,AC Service,4583
SR0244,V0244,C0244,2024-10-02,Brake Service,5125
SR0245,V0245,C0245,2024-02-24,Brake Service,4303
SR0246,V0246,C0246,2024-07-03,General Service,2632
SR0247,V0247,C0247,2023-10-28,General Service,6696
SR0248,V0248,C0248,2023-12-03,Full Service,10265
SR0249,V0249,C0249,2023-02-24,Oil Change,7945
SR0250,V0250,C0250,2024-11-24,AC Service,5867
SR0251,V0251,C0251,2023-06-19,Full Service,2037
SR0252,V0252,C0252,2024-04-27,Wheel Alignment,13258
SR0253,V0253,C0253,2024-05-25,Wheel Alignment,11721
SR0254,V0254,C0254,2025-03-15,Brake Service,8201
SR0255,V0255,C0255,2023-12-05,Full Service,6933
SR0256,V0256,C0256,2023-09-28,Full Service,12835
SR0257,V0257,C0257,2025-07-24,Full Service,10424
SR0258,V0258,C0258,2024-09-16,General Service,3754
SR0259,V0259,C0259,2025-04-29,Full Service,9350
SR0260,V0260,C0260,2023-10-27,Wheel Alignment,9121
SR0261,V0261,C0261,2024-04-02,Oil Change,14959
SR0262,V0262,C0262,2024-03-29,AC Service,9181
SR0263,V0263,C0263,2025-03-20,Full Service,2526
SR0264,V0264,C0264,2024-10-23,Oil Change,10863
SR0265,V0265,C0265,2025-02-27,AC Service,6949
SR0266,V0266,C0266,2024-02-02,AC Service,14631
SR0267,V0267,C0267,2023-12-16,Wheel Alignment,10313
SR0268,V0268,C0268,2024-01-31,Wheel Alignment,3094
SR0269,V0269,C0269,2024-06-27,Brake Service,9731
SR0270,V0270,C0270,2024-01-14,Brake Service,6492
SR0271,V0271,C0271,2024-02-10,Oil Change,3451
SR0272,V0272,C0272,2024-01-02,Wheel Alignment,3410
SR0273,V0273,C0273,2024-01-20,General Service,13633
SR0274,V0274,C0274,2024-10-01,AC Service,11943
SR0275,V0275,C0275,2024-06-29,AC Service,5302
SR0276,V0276,C0276,2024-11-03,Oil Change,11905
SR0277,V0277,C0277,2024-10-11,AC Service,5207
SR0278,V0278,C0278,2023-10-23,AC Service,2437
SR0279,V0279,C0279,2025-06-14,Oil Change,11188
SR0280,V0280,C0280,2024-04-06,Oil Change,7321
SR0281,V0281,C0281,2024-06-18,General Service,11975
SR0282,V0282,C0282,2024-12-03,Wheel Alignment,6310
SR0283,V0283,C0283,2025-02-27,Oil Change,8958
SR0284,V0284,C0284,2025-01-11,Oil Change,14606
SR0285,V0285,C0285,2024-10-10,Full Service,11357
SR0286,V0286,C0286,2023-06-10,General Service,7175
SR0287,V0287,C0287,2025-04-24,Oil Change,14500
SR0288,V0288,C0288,2024-03-17,AC Service,1970
SR0289,V0289,C0289,2023-11-06,Oil Change,3763
SR0290,V0290,C0290,2023-12-25,Brake Service,8823
SR0291,V0291,C0291,2024-12-08,Full Service,3646
SR0292,V0292,C0292,2023-12-11,Brake Service,3432
SR0293,V0293,C0293,2024-02-17,AC Service,5117
SR0294,V0294,C0294,2025-01-16,Wheel Alignment,9333
SR0295,V0295,C0295,2025-01-01,Full Service,5812
SR0296,V0296,C0296,2024-04-13,General Service,9595
SR0297,V0297,C0297,2023-11-26,AC Service,5286
SR0298,V0298,C0298,2024-05-24,AC Service,9685
SR0299,V0299,C0299,2024-04-16,General Service,4741
SR0300,V0300,C0300,2023-09-14,Brake Service,5574
SR0301,V0301,C0301,2024-07-22,Brake Service,3003
SR0302,V0302,C0302,2024-08-24,AC Service,4923
SR0303,V0303,C0303,2023-12-24,General Service,14964
SR0304,V0304,C0304,2025-06-07,Brake Service,13247
SR0305,V0305,C0305,2023-11-29,Oil Change,1636
SR0306,V0306,C0306,2023-08-16,AC Service,2351
SR0307,V0307,C0307,2025-04-11,Full Service,4817
SR0308,V0308,C0308,2023-12-08,AC Service,1718
SR0309,V0309,C0309,2023-07-24,Oil Change,5950
SR0310,V0310,C0310,2024-02-06,Oil Change,2736
SR0311,V0311,C0311,2024-02-07,General Service,11790
SR0312,V0312,C0312,2024-02-21,AC Service,12660
SR0313,V0313,C0313,2023-10-22,Brake Service,3977
SR0314,V0314,C0314,2025-04-28,AC Service,13707
SR0315,V0315,C0315,2025-09-09,Full Service,8798
SR0316,V0316,C0316,2025-06-02,Wheel Alignment,5008
SR0317,V0317,C0317,2023-10-20,General Service,6018
SR0318,V0318,C0318,2024-06-11,Full Service,3545
SR0319,V0319,C0319,2024-09-21,Wheel Alignment,10478
SR0320,V0320,C0320,2023-10-27,Oil Change,5782
SR0321,V0321,C0321,2024-10-26,Wheel Alignment,3579
SR0322,V0322,C0322,2023-12-09,Brake Service,5960
SR0323,V0323,C0323,2023-05-20,Oil Change,12663
SR0324,V0324,C0324,2024-05-08,Brake Service,7002
SR0325,V0325,C0325,2025-04-19,Wheel Alignment,5808
SR0326,V0326,C0326,2025-02-05,Oil Change,13018
SR0327,V0327,C0327,2024-04-17,Full Service,10660
SR0328,V0328,C0328,2024-04-11,AC Service,5297
SR0329,V0329,C0329,2024-01-06,AC Service,6700
SR0330,V0330,C0330,2023-10-05,Full Service,3037
SR0331,V0331,C0331,2025-09-18,Full Service,2647
SR0332,V0332,C0332,2025-09-10,Brake Service,3849
SR0333,V0333,C0333,2024-12-26,AC Service,7616
SR0334,V0334,C0334,2024-07-25,AC Service,6466
SR0335,V0335,C0335,2025-02-28,Oil Change,4222
SR0336,V0336,C0336,2023-09-26,Brake Service,3467
SR0337,V0337,C0337,2024-01-16,AC Service,5852
SR0338,V0338,C0338,2025-06-27,General Service,8347
SR0339,V0339,C0339,2023-09-07,Oil Change,9294
SR0340,V0340,C0340,2024-09-17,AC Service,7867
SR0341,V0341,C0341,2024-01-23,Full Service,5659
SR0342,V0342,C0342,2024-11-04,Full Service,14090
SR0343,V0343,C0343,2024-04-23,Full Service,4150
SR0344,V0344,C0344,2024-05-04,Brake Service,8150
SR0345,V0345,C0345,2024-12-27,Oil Change,8187
SR0346,V0346,C0346,2025-10-01,Wheel Alignment,9880
SR0347,V0347,C0347,2024-08-23,Full Service,7388
SR0348,V0348,C0348,2024-10-27,Brake Service,4004
SR0349,V0349,C0349,2024-09-28,Full Service,1726
SR0350,V0350,C0350,2023-06-16,General Service,10451
SR0351,V0351,C0351,2023-04-25,Oil Change,13599
SR0352,V0352,C0352,2025-02-16,Wheel Alignment,2047
SR0353,V0353,C0353,2024-09-14,Oil Change,14682
SR0354,V0354,C0354,2024-04-01,Oil Change,5766
SR0355,V0355,C0355,2023-09-09,Oil Change,5624
SR0356,V0356,C0356,2024-01-27,Wheel Alignment,5774
SR0357,V0357,C0357,2024-05-21,Oil Change,14949
SR0358,V0358,C0358,2024-06-04,AC Service,12895
SR0359,V0359,C0359,2023-12-01,Oil Change,11530
SR0360,V0360,C0360,2024-06-30,Oil Change,13787
SR0361,V0361,C0361,2023-10-11,General Service,8108
SR0362,V0362,C0362,2025-05-16,Wheel Alignment,14369
SR0363,V0363,C0363,2023-11-19,General Service,14068
SR0364,V0364,C0364,2024-05-13,General Service,3288
SR0365,V0365,C0365,2023-10-23,Full Service,2591
SR0366,V0366,C0366,2025-04-26,Brake Service,8236
SR0367,V0367,C0367,2023-09-06,AC Service,8546
SR0368,V0368,C0368,2025-02-17,General Service,6617
SR0369,V0369,C0369,2024-06-24,Wheel Alignment,4517
SR0370,V0370,C0370,2023-11-15,General Service,10440
SR0371,V0371,C0371,2024-05-12,Full Service,11819
SR0372,V0372,C0372,2025-02-01,General Service,6881
SR0373,V0373,C0373,2024-12-22,Full Service,12912
SR0374,V0374,C0374,2023-07-07,AC Service,7131
SR0375,V0375,C0375,2023-08-25,General Service,3610
SR0376,V0376,C0376,2024-04-01,General Service,5013
SR0377,V0377,C0377,2024-02-27,Full Service,10438
SR0378,V0378,C0378,2025-01-07,General Service,4072
SR0379,V0379,C0379,2024-11-15,Full Service,6775
SR0380,V0380,C0380,2024-11-29,General Service,2384
SR0381,V0381,C0381,2025-02-26,Oil Change,3196
SR0382,V0382,C0382,2025-04-28,AC Service,5338
SR0383,V0383,C0383,2024-08-05,Full Service,14999
SR0384,V0384,C0384,2025-01-05,Wheel Alignment,10188
SR0385,V0385,C0385,2025-02-07,AC Service,7992
SR0386,V0386,C0386,2023-09-13,Brake Service,5883
SR0387,V0387,C0387,2023-07-02,General Service,11069
SR0388,V0388,C0388,2024-02-26,Wheel Alignment,3188
SR0389,V0389,C0389,2024-06-10,AC Service,1789
SR0390,V0390,C0390,2024-11-17,Full Service,6250
SR0391,V0391,C0391,2025-01-25,General Service,8831
SR0392,V0392,C0392,2024-04-21,Wheel Alignment,11954
SR0393,V0393,C0393,2024-07-17,Full Service,4969
SR0394,V0394,C0394,2023-09-02,AC Service,5139
SR0395,V0395,C0395,2024-09-11,Full Service,5567
SR0396,V0396,C0396,2024-08-29,General Service,11968
SR0397,V0397,C0397,2024-08-24,Wheel Alignment,4442
SR0398,V0398,C0398,2025-06-06,AC Service,7696
SR0399,V0399,C0399,2023-06-13,Full Service,13497
SR0400,V0400,C0400,2024-07-26,Wheel Alignment,10050
SR0401,V0401,C0401,2024-12-07,AC Service,14127
SR0402,V0402,C0402,2024-06-28,General Service,5275
SR0403,V0403,C0403,2024-01-14,General Service,3432
SR0404,V0404,C0404,2025-08-07,Oil Change,14733
SR0405,V0405,C0405,2023-06-16,Brake Service,9880
SR0406,V0406,C0406,2023-08-07,Wheel Alignment,9575
SR0407,V0407,C0407,2024-04-25,Brake Service,4732
SR0408,V0408,C0408,2023-06-10,General Service,12376
SR0409,V0409,C0409,2024-12-30,Brake Service,7816
SR0410,V0410,C0410,2024-03-09,Oil Change,9225
SR0411,V0411,C0411,2024-10-16,Full Service,4973
SR0412,V0412,C0412,2024-06-07,Wheel Alignment,1621
SR0413,V0413,C0413,2023-08-07,AC Service,4264
SR0414,V0414,C0414,2024-08-02,Wheel Alignment,4906
SR0415,V0415,C0415,2025-04-26,General Service,5962
SR0416,V0416,C0416,2023-04-09,Brake Service,7184
SR0417,V0417,C0417,2023-10-07,Oil Change,12681
SR0418,V0418,C0418,2024-01-21,Wheel Alignment,8587
SR0419,V0419,C0419,2023-08-31,Oil Change,10382
SR0420,V0420,C0420,2024-05-23,Brake Service,13326
SR0421,V0421,C0421,2023-05-20,Full Service,7870
SR0422,V0422,C0422,2025-04-14,Wheel Alignment,6090
SR0423,V0423,C0423,2024-04-10,Wheel Alignment,4134
SR0424,V0424,C0424,2024-05-20,General Service,3651
SR0425,V0425,C0425,2024-07-27,AC Service,2967
SR0426,V0426,C0426,2024-10-03,Full Service,10043
SR0427,V0427,C0427,2024-09-23,Oil Change,2682
SR0428,V0428,C0428,2024-01-20,AC Service,13622
SR0429,V0429,C0429,2023-07-31,Full Service,14418
SR0430,V0430,C0430,2024-10-27,Oil Change,12732
SR0431,V0431,C0431,2024-08-22,General Service,10158
SR0432,V0432,C0432,2023-08-31,General Service,13672
SR0433,V0433,C0433,2025-04-27,Wheel Alignment,13434
SR0434,V0434,C0434,2024-02-13,Brake Service,4263
SR0435,V0435,C0435,2025-06-10,General Service,2207
SR0436,V0436,C0436,2025-04-23,Wheel Alignment,12275
SR0437,V0437,C0437,2025-02-25,Oil Change,4504
SR0438,V0438,C0438,2023-11-17,Full Service,11254
SR0439,V0439,C0439,2025-01-26,Brake Service,12971
SR0440,V0440,C0440,2025-03-04,Wheel Alignment,10035
SR0441,V0441,C0441,2024-04-19,Brake Service,12190
SR0442,V0442,C0442,2025-04-15,Full Service,12491
SR0443,V0443,C0443,2023-06-23,Brake Service,2378
SR0444,V0444,C0444,2024-02-22,Brake Service,13390
SR0445,V0445,C0445,2024-07-16,Full Service,2820
SR0446,V0446,C0446,2025-04-11,Full Service,14563
SR0447,V0447,C0447,2024-09-18,Full Service,8012
SR0448,V0448,C0448,2023-09-18,General Service,9028
SR0449,V0449,C0449,2024-09-21,Oil Change,2688
SR0450,V0450,C0450,2025-08-22,Brake Service,7510
SR0451,V0451,C0451,2023-09-05,AC Service,1692
SR0452,V0452,C0452,2024-06-01,AC Service,12144
SR0453,V0453,C0453,2024-06-05,Full Service,4194
SR0454,V0454,C0454,2024-01-20,Wheel Alignment,9414
SR0455,V0455,C0455,2024-07-25,Oil Change,1699
SR0456,V0456,C0456,2023-10-20,General Service,6085
SR0457,V0457,C0457,2024-09-25,Oil Change,4280
SR0458,V0458,C0458,2025-02-10,Brake Service,14784
SR0459,V0459,C0459,2023-11-18,Oil Change,5771
SR0460,V0460,C0460,2024-05-21,General Service,4251
SR0461,V0461,C0461,2025-02-18,Full Service,5794
SR0462,V0462,C0462,2025-06-14,Wheel Alignment,2434
SR0463,V0463,C0463,2024-11-09,General Service,6324
SR0464,V0464,C0464,2024-03-05,AC Service,6676
SR0465,V0465,C0465,2025-03-25,Wheel Alignment,13220
SR0466,V0466,C0466,2024-04-30,Oil Change,2288
SR0467,V0467,C0467,2023-10-05,AC Service,3630
SR0468,V0468,C0468,2023-12-25,Brake Service,12049
SR0469,V0469,C0469,2024-03-22,AC Service,10769
SR0470,V0470,C0470,2024-05-18,Oil Change,13330
SR0471,V0471,C0471,2025-03-30,Oil Change,4357
SR0472,V0472,C0472,2023-09-19,Full Service,3678
SR0473,V0473,C0473,2024-10-16,AC Service,12056
SR0474,V0474,C0474,2025-03-03,General Service,11023
SR0475,V0475,C0475,2025-06-22,Brake Service,8586
SR0476,V0476,C0476,2025-05-18,Wheel Alignment,3785
SR0477,V0477,C0477,2024-12-11,Full Service,4149
SR0478,V0478,C0478,2024-01-22,Brake Service,13004
SR0479,V0479,C0479,2023-05-24,General Service,14652
SR0480,V0480,C0480,2024-07-07,Brake Service,14770
SR0481,V0481,C0481,2025-01-08,General Service,7791
SR0482,V0482,C0482,2023-12-09,Wheel Alignment,11497
SR0483,V0483,C0483,2023-07-07,Full Service,8124
SR0484,V0484,C0484,2025-05-10,Brake Service,2001
SR0485,V0485,C0485,2023-08-23,AC Service,14095
SR0486,V0486,C0486,2024-04-05,Wheel Alignment,8477
SR0487,V0487,C0487,2023-08-18,Brake Service,7367
SR0488,V0488,C0488,2025-02-07,Wheel Alignment,12199
SR0489,V0489,C0489,2025-03-05,Full Service,5575
SR0490,V0490,C0490,2024-09-01,Oil Change,6739
SR0491,V0491,C0491,2025-04-11,AC Service,11088
SR0492,V0492,C0492,2024-03-16,General Service,5825
SR0493,V0493,C0493,2024-08-05,Oil Change,4472
SR0494,V0494,C0494,2024-12-29,Brake Service,14319
SR0495,V0495,C0495,2023-08-09,Wheel Alignment,1568
SR0496,V0496,C0496,2024-01-23,Brake Service,7131
SR0497,V0497,C0497,2024-04-28,Brake Service,5141
SR0498,V0498,C0498,2023-04-28,AC Service,13205
SR0499,V0499,C0499,2025-02-24,AC Service,9651
SR0500,V0500,C0500,2025-05-30,Brake Service,8211
SR0501,V0501,C0501,2024-09-27,AC Service,2653
SR0502,V0502,C0502,2024-07-19,Full Service,5910
SR0503,V0503,C0503,2024-07-01,Oil Change,10481
SR0504,V0504,C0504,2024-07-09,Full Service,11097
SR0505,V0505,C0505,2025-02-13,Wheel Alignment,3372
SR0506,V0506,C0506,2024-07-03,AC Service,11196
SR0507,V0507,C0507,2024-07-10,General Service,13538
SR0508,V0508,C0508,2023-10-11,Wheel Alignment,12423
SR0509,V0509,C0509,2024-07-01,AC Service,14046
SR0510,V0510,C0510,2024-12-12,AC Service,7284
SR0511,V0511,C0511,2025-09-07,Oil Change,9561
SR0512,V0512,C0512,2025-01-04,Wheel Alignment,10884
SR0513,V0513,C0513,2025-11-09,AC Service,7036
SR0514,V0514,C0514,2025-01-04,General Service,6238
SR0515,V0515,C0515,2024-04-28,Full Service,2019
SR0516,V0516,C0516,2025-02-08,Full Service,3412
SR0517,V0517,C0517,2025-03-09,Brake Service,2637
SR0518,V0518,C0518,2024-11-20,Oil Change,8628
SR0519,V0519,C0519,2025-07-16,Wheel Alignment,8175
SR0520,V0520,C0520,2023-05-31,AC Service,14167
SR0521,V0521,C0521,2024-09-04,Wheel Alignment,10307
SR0522,V0522,C0522,2023-08-29,Oil Change,5390
SR0523,V0523,C0523,2024-09-24,General Service,8632
SR0524,V0524,C0524,2024-01-02,General Service,8708
SR0525,V0525,C0525,2023-12-15,AC Service,12263
SR0526,V0526,C0526,2024-06-30,Wheel Alignment,5336
SR0527,V0527,C0527,2024-12-10,Wheel Alignment,4507
SR0528,V0528,C0528,2025-03-13,Full Service,14733
SR0529,V0529,C0529,2024-03-13,Wheel Alignment,11728
SR0530,V0530,C0530,2025-07-28,General Service,14393
SR0531,V0531,C0531,2025-08-18,AC Service,9225
SR0532,V0532,C0532,2024-03-29,AC Service,14121
SR0533,V0533,C0533,2024-04-04,AC Service,7461
SR0534,V0534,C0534,2024-09-25,General Service,11018
SR0535,V0535,C0535,2025-10-22,Brake Service,1541
SR0536,V0536,C0536,2025-03-30,AC Service,13098
SR0537,V0537,C0537,2024-01-24,Wheel Alignment,10939
SR0538,V0538,C0538,2025-09-12,AC Service,4311
SR0539,V0539,C0539,2024-03-12,Oil Change,6172
SR0540,V0540,C0540,2023-05-10,Full Service,8810
SR0541,V0541,C0541,2024-08-14,Wheel Alignment,4120
SR0542,V0542,C0542,2025-07-20,General Service,10506
SR0543,V0543,C0543,2025-08-20,Brake Service,10114
SR0544,V0544,C0544,2024-01-21,AC Service,9778
SR0545,V0545,C0545,2024-01-02,Oil Change,10602
SR0546,V0546,C0546,2024-01-02,Brake Service,14181
SR0547,V0547,C0547,2023-11-23,Oil Change,7368
SR0548,V0548,C0548,2024-09-28,Brake Service,1512
SR0549,V0549,C0549,2023-07-24,Full Service,13612
SR0550,V0550,C0550,2024-11-25,Oil Change,1583
SR0551,V0551,C0551,2024-07-06,Brake Service,10595
SR0552,V0552,C0552,2023-03-26,Full Service,7221
SR0553,V0553,C0553,2023-11-25,Oil Change,14879
SR0554,V0554,C0554,2024-12-15,Full Service,5230
SR0555,V0555,C0555,2023-08-16,AC Service,12328
SR0556,V0556,C0556,2024-11-01,Brake Service,7682
SR0557,V0557,C0557,2024-05-06,Brake Service,14593
SR0558,V0558,C0558,2025-01-05,Oil Change,7018
SR0559,V0559,C0559,2023-09-28,Oil Change,3385
SR0560,V0560,C0560,2023-08-19,General Service,11062
SR0561,V0561,C0561,2024-09-30,AC Service,6324
SR0562,V0562,C0562,2025-07-21,AC Service,6654
SR0563,V0563,C0563,2023-07-27,AC Service,14274
SR0564,V0564,C0564,2024-02-14,General Service,10627
SR0565,V0565,C0565,2024-03-22,Oil Change,11830
SR0566,V0566,C0566,2024-12-26,Full Service,7577
SR0567,V0567,C0567,2025-11-15,Wheel Alignment,5511
SR0568,V0568,C0568,2023-10-22,Full Service,2930
SR0569,V0569,C0569,2024-12-03,Brake Service,4483
SR0570,V0570,C0570,2024-05-09,Full Service,8052
SR0571,V0571,C0571,2024-04-05,General Service,10938
SR0572,V0572,C0572,2025-03-15,General Service,8809
SR0573,V0573,C0573,2025-02-09,Brake Service,13252
SR0574,V0574,C0574,2025-01-23,Full Service,2360
SR0575,V0575,C0575,2023-12-28,Brake Service,4232
SR0576,V0576,C0576,2025-06-19,Wheel Alignment,6943
SR0577,V0577,C0577,2024-04-20,AC Service,5674
SR0578,V0578,C0578,2025-08-01,Wheel Alignment,7524
SR0579,V0579,C0579,2024-02-29,General Service,11409
SR0580,V0580,C0580,2023-11-24,General Service,12243
SR0581,V0581,C0581,2025-07-10,Oil Change,5205
SR0582,V0582,C0582,2023-07-01,Oil Change,12921
SR0583,V0583,C0583,2024-08-17,AC Service,1761
SR0584,V0584,C0584,2025-04-06,Brake Service,3202
SR0585,V0585,C0585,2024-10-06,AC Service,14933
SR0586,V0586,C0586,2024-06-17,Oil Change,12985
SR0587,V0587,C0587,2024-03-30,Brake Service,12485
SR0588,V0588,C0588,2024-02-21,Full Service,1730
SR0589,V0589,C0589,2024-07-02,Brake Service,1793
SR0590,V0590,C0590,2023-09-07,General Service,4859
SR0591,V0591,C0591,2024-02-22,Oil Change,13238
SR0592,V0592,C0592,2024-07-17,AC Service,10407
SR0593,V0593,C0593,2024-12-22,Oil Change,7646
SR0594,V0594,C0594,2023-12-10,Full Service,14363
SR0595,V0595,C0595,2023-09-08,AC Service,5789
SR0596,V0596,C0596,2024-06-30,AC Service,12881
SR0597,V0597,C0597,2023-12-01,Wheel Alignment,1711
SR0598,V0598,C0598,2024-07-28,Oil Change,8591
SR0599,V0599,C0599,2025-01-08,Oil Change,6666
SR0600,V0600,C0600,2024-11-25,AC Service,13174
SR0601,V0601,C0601,2023-12-25,Brake Service,6772
SR0602,V0602,C0602,2023-10-22,Wheel Alignment,12777
SR0603,V0603,C0603,2024-12-19,Wheel Alignment,3917
SR0604,V0604,C0604,2025-04-25,Brake Service,3197
SR0605,V0605,C0605,2025-02-22,AC Service,10594
SR0606,V0606,C0606,2023-09-21,Full Service,3661
SR0607,V0607,C0607,2023-06-23,AC Service,1818
SR0608,V0608,C0608,2023-12-02,Full Service,13217
SR0609,V0609,C0609,2023-06-02,Brake Service,11713
SR0610,V0610,C0610,2024-06-10,Wheel Alignment,14978
SR0611,V0611,C0611,2025-06-25,Oil Change,7055
SR0612,V0612,C0612,2023-08-23,AC Service,13479
SR0613,V0613,C0613,2025-06-15,Wheel Alignment,10760
SR0614,V0614,C0614,2025-04-17,AC Service,9489
SR0615,V0615,C0615,2024-03-08,Brake Service,4628
SR0616,V0616,C0616,2025-02-28,Brake Service,11208
SR0617,V0617,C0617,2025-03-04,Brake Service,13867
SR0618,V0618,C0618,2024-11-17,General Service,4725
SR0619,V0619,C0619,2023-08-30,AC Service,11916
SR0620,V0620,C0620,2024-04-29,General Service,12812
SR0621,V0621,C0621,2024-02-18,Brake Service,6507
SR0622,V0622,C0622,2024-03-12,Brake Service,4364
SR0623,V0623,C0623,2024-04-04,Brake Service,9696
SR0624,V0624,C0624,2025-01-02,Wheel Alignment,9195
SR0625,V0625,C0625,2024-01-27,Full Service,14471
SR0626,V0626,C0626,2024-03-04,Brake Service,8835
SR0627,V0627,C0627,2025-02-23,Oil Change,14880
SR0628,V0628,C0628,2025-08-04,Wheel Alignment,9701
SR0629,V0629,C0629,2025-01-06,General Service,8603
SR0630,V0630,C0630,2024-09-20,General Service,11600
SR0631,V0631,C0631,2024-11-22,Brake Service,2020
SR0632,V0632,C0632,2023-12-17,Wheel Alignment,13883
SR0633,V0633,C0633,2023-08-09,General Service,3271
SR0634,V0634,C0634,2024-11-26,Wheel Alignment,7092
SR0635,V0635,C0635,2024-02-11,Full Service,2931
SR0636,V0636,C0636,2025-06-04,Wheel Alignment,6309
SR0637,V0637,C0637,2025-05-09,AC Service,5791
SR0638,V0638,C0638,2025-05-24,Oil Change,12838
SR0639,V0639,C0639,2024-03-11,Wheel Alignment,14119
SR0640,V0640,C0640,2025-01-01,General Service,3783
SR0641,V0641,C0641,2023-12-25,AC Service,11009
SR0642,V0642,C0642,2024-11-24,AC Service,1613
SR0643,V0643,C0643,2024-08-24,General Service,7218
SR0644,V0644,C0644,2024-01-18,General Service,6695
SR0645,V0645,C0645,2024-10-15,AC Service,7108
SR0646,V0646,C0646,2024-05-12,Full Service,9148
SR0647,V0647,C0647,2024-05-19,Brake Service,3633
SR0648,V0648,C0648,2024-05-09,Brake Service,10364
SR0649,V0649,C0649,2024-09-15,AC Service,3570
SR0650,V0650,C0650,2024-03-26,Brake Service,6309
SR0651,V0651,C0651,2023-07-13,General Service,11820
SR0652,V0652,C0652,2023-06-16,Full Service,2641
SR0653,V0653,C0653,2023-05-26,Brake Service,4618
SR0654,V0654,C0654,2023-12-25,General Service,2160
SR0655,V0655,C0655,2024-08-13,Wheel Alignment,14736
SR0656,V0656,C0656,2024-06-22,Brake Service,11496
SR0657,V0657,C0657,2025-07-10,AC Service,5032
SR0658,V0658,C0658,2025-02-03,AC Service,5343
SR0659,V0659,C0659,2025-01-12,Brake Service,2335
SR0660,V0660,C0660,2024-02-08,AC Service,4007
SR0661,V0661,C0661,2025-02-21,Oil Change,2935
SR0662,V0662,C0662,2024-10-20,General Service,14307
SR0663,V0663,C0663,2024-02-29,Brake Service,9931
SR0664,V0664,C0664,2024-05-11,Brake Service,2386
SR0665,V0665,C0665,2024-01-14,Brake Service,11138
SR0666,V0666,C0666,2025-02-07,Full Service,3953
SR0667,V0667,C0667,2024-12-12,Full Service,6499
SR0668,V0668,C0668,2023-07-07,Wheel Alignment,3948
SR0669,V0669,C0669,2024-12-06,Brake Service,1853
SR0670,V0670,C0670,2024-06-03,General Service,12517
SR0671,V0671,C0671,2024-04-21,General Service,2891
SR0672,V0672,C0672,2025-03-20,Oil Change,1911
SR0673,V0673,C0673,2023-05-30,General Service,3585
SR0674,V0674,C0674,2024-06-08,Wheel Alignment,6024
SR0675,V0675,C0675,2024-03-05,AC Service,2958
SR0676,V0676,C0676,2025-05-29,Full Service,10186
SR0677,V0677,C0677,2025-01-04,Full Service,3468
SR0678,V0678,C0678,2024-01-27,AC Service,7064
SR0679,V0679,C0679,2024-11-05,General Service,5582
SR0680,V0680,C0680,2024-09-27,General Service,9998
SR0681,V0681,C0681,2024-05-16,Wheel Alignment,11591
SR0682,V0682,C0682,2024-11-20,Wheel Alignment,3264
SR0683,V0683,C0683,2023-12-28,Brake Service,5820
SR0684,V0684,C0684,2024-06-20,Full Service,5134
SR0685,V0685,C0685,2024-09-03,Wheel Alignment,3874
SR0686,V0686,C0686,2023-06-09,AC Service,3461
SR0687,V0687,C0687,2023-12-04,General Service,8466
SR0688,V0688,C0688,2024-06-24,General Service,6073
SR0689,V0689,C0689,2024-01-22,General Service,12239
SR0690,V0690,C0690,2024-11-15,Full Service,10444
SR0691,V0691,C0691,2023-03-17,Oil Change,4597
SR0692,V0692,C0692,2025-06-17,AC Service,7155
SR0693,V0693,C0693,2023-12-16,Brake Service,5086
SR0694,V0694,C0694,2024-06-29,Wheel Alignment,1615
SR0695,V0695,C0695,2024-04-10,Full Service,11689
SR0696,V0696,C0696,2025-01-03,Wheel Alignment,11695
SR0697,V0697,C0697,2024-09-03,General Service,14040
SR0698,V0698,C0698,2023-09-27,Full Service,12547
SR0699,V0699,C0699,2023-11-30,Oil Change,4072
SR0700,V0700,C0700,2024-04-05,General Service,5768
SR0701,V0701,C0701,2023-09-23,AC Service,2214
SR0702,V0702,C0702,2024-09-04,AC Service,10050
SR0703,V0703,C0703,2023-08-08,Full Service,2358
SR0704,V0704,C0704,2024-10-30,Wheel Alignment,6024
SR0705,V0705,C0705,2024-06-13,General Service,3608
SR0706,V0706,C0706,2025-03-03,Full Service,10528
SR0707,V0707,C0707,2023-02-25,AC Service,13666
SR0708,V0708,C0708,2023-06-02,Full Service,13324
SR0709,V0709,C0709,2023-03-25,General Service,13734
SR0710,V0710,C0710,2025-04-18,Oil Change,1593
SR0711,V0711,C0711,2024-11-08,Full Service,6740
SR0712,V0712,C0712,2025-09-07,Wheel Alignment,13193
SR0713,V0713,C0713,2024-10-20,Oil Change,10469
SR0714,V0714,C0714,2023-12-28,AC Service,9902
SR0715,V0715,C0715,2024-11-19,Oil Change,10757
SR0716,V0716,C0716,2024-04-25,Brake Service,8664
SR0717,V0717,C0717,2023-05-31,Full Service,11028
SR0718,V0718,C0718,2025-06-26,Brake Service,7973
SR0719,V0719,C0719,2025-02-17,Brake Service,10566
SR0720,V0720,C0720,2024-12-31,General Service,14736
SR0721,V0721,C0721,2024-11-25,General Service,14629
SR0722,V0722,C0722,2023-11-16,General Service,2985
SR0723,V0723,C0723,2024-11-04,Full Service,14842
SR0724,V0724,C0724,2023-12-17,Full Service,7502
SR0725,V0725,C0725,2024-04-14,AC Service,6764
SR0726,V0726,C0726,2024-09-01,Full Service,7078
SR0727,V0727,C0727,2024-11-02,Brake Service,8442
SR0728,V0728,C0728,2024-03-20,Brake Service,7951
SR0729,V0729,C0729,2025-01-14,Full Service,2443
SR0730,V0730,C0730,2024-12-14,AC Service,7941
SR0731,V0731,C0731,2024-02-17,Oil Change,4809
SR0732,V0732,C0732,2023-08-27,Oil Change,2538
SR0733,V0733,C0733,2024-07-25,Oil Change,11698
SR0734,V0734,C0734,2025-08-24,Full Service,9996
SR0735,V0735,C0735,2023-12-22,Full Service,1541
SR0736,V0736,C0736,2025-02-24,Brake Service,11035
SR0737,V0737,C0737,2024-10-07,Oil Change,7867
SR0738,V0738,C0738,2023-10-15,General Service,4473
SR0739,V0739,C0739,2023-07-08,Brake Service,10679
SR0740,V0740,C0740,2023-08-24,Oil Change,6024
SR0741,V0741,C0741,2024-11-07,Full Service,11866
SR0742,V0742,C0742,2025-05-12,AC Service,10972
SR0743,V0743,C0743,2024-03-25,AC Service,8419
SR0744,V0744,C0744,2024-02-18,Brake Service,8072
SR0745,V0745,C0745,2025-03-16,Brake Service,9980
SR0746,V0746,C0746,2024-06-20,Brake Service,3042
SR0747,V0747,C0747,2024-02-29,Full Service,14563
SR0748,V0748,C0748,2024-10-13,AC Service,8613
SR0749,V0749,C0749,2023-11-23,Wheel Alignment,3650
SR0750,V0750,C0750,2025-03-17,AC Service,3406
SR0751,V0751,C0751,2025-05-31,AC Service,11558
SR0752,V0752,C0752,2023-09-12,Brake Service,4706
SR0753,V0753,C0753,2024-10-28,Wheel Alignment,7575
SR0754,V0754,C0754,2025-01-17,AC Service,5956
SR0755,V0755,C0755,2023-04-27,Brake Service,7481
SR0756,V0756,C0756,2023-05-01,General Service,8869
SR0757,V0757,C0757,2023-04-28,AC Service,6369
SR0758,V0758,C0758,2024-03-20,AC Service,3273
SR0759,V0759,C0759,2024-03-20,Full Service,14103
SR0760,V0760,C0760,2023-03-30,Oil Change,6015
SR0761,V0761,C0761,2024-12-12,AC Service,13409
SR0762,V0762,C0762,2024-09-24,AC Service,9725
SR0763,V0763,C0763,2024-01-20,Full Service,11465
SR0764,V0764,C0764,2024-02-27,Brake Service,11758
SR0765,V0765,C0765,2024-02-04,Oil Change,7259
SR0766,V0766,C0766,2024-03-22,General Service,4872
SR0767,V0767,C0767,2023-12-03,Oil Change,13813
SR0768,V0768,C0768,2024-08-17,Brake Service,3205
SR0769,V0769,C0769,2024-09-18,Wheel Alignment,14674
SR0770,V0770,C0770,2025-02-28,Brake Service,12959
SR0771,V0771,C0771,2024-06-06,Wheel Alignment,11724
SR0772,V0772,C0772,2024-02-18,Oil Change,11109
SR0773,V0773,C0773,2024-10-09,Brake Service,6127
SR0774,V0774,C0774,2024-05-06,AC Service,2376
SR0775,V0775,C0775,2024-11-15,Full Service,11011
SR0776,V0776,C0776,2024-11-02,Brake Service,6083
SR0777,V0777,C0777,2025-01-13,Full Service,8832
SR0778,V0778,C0778,2024-07-13,Full Service,10576
SR0779,V0779,C0779,2023-11-17,General Service,2701
SR0780,V0780,C0780,2024-04-23,Oil Change,11959
SR0781,V0781,C0781,2024-05-20,Oil Change,14499
SR0782,V0782,C0782,2023-12-29,General Service,10439
SR0783,V0783,C0783,2023-12-18,AC Service,5945
SR0784,V0784,C0784,2023-12-07,General Service,3584
SR0785,V0785,C0785,2025-06-08,Wheel Alignment,4833
SR0786,V0786,C0786,2025-03-27,Oil Change,5006
SR0787,V0787,C0787,2025-06-20,General Service,12604
SR0788,V0788,C0788,2025-05-17,Wheel Alignment,5054
SR0789,V0789,C0789,2024-12-28,Brake Service,6830
SR0790,V0790,C0790,2023-10-07,Brake Service,10539
SR0791,V0791,C0791,2025-03-21,Full Service,8804
SR0792,V0792,C0792,2025-09-03,Full Service,2527
SR0793,V0793,C0793,2023-10-20,Wheel Alignment,13760
SR0794,V0794,C0794,2024-03-14,General Service,12657
SR0795,V0795,C0795,2024-04-02,Wheel Alignment,3907
SR0796,V0796,C0796,2024-08-30,Oil Change,1712
SR0797,V0797,C0797,2024-08-12,AC Service,8251
SR0798,V0798,C0798,2024-07-21,Full Service,10906
SR0799,V0799,C0799,2024-08-25,Oil Change,14228
SR0800,V0800,C0800,2024-12-04,AC Service,8733
SR0801,V0801,C0801,2024-03-31,Wheel Alignment,1545
SR0802,V0802,C0802,2025-05-04,General Service,5161
SR0803,V0803,C0803,2024-02-10,Full Service,2551
SR0804,V0804,C0804,2023-12-28,General Service,11629
SR0805,V0805,C0805,2023-04-18,Full Service,12302
SR0806,V0806,C0806,2024-05-23,General Service,7696
SR0807,V0807,C0807,2025-01-04,Wheel Alignment,3286
SR0808,V0808,C0808,2025-06-20,AC Service,10883
SR0809,V0809,C0809,2024-07-14,General Service,12043
SR0810,V0810,C0810,2023-10-25,General Service,2476
SR0811,V0811,C0811,2024-03-10,Oil Change,11168
SR0812,V0812,C0812,2025-10-05,Brake Service,5020
SR0813,V0813,C0813,2024-08-26,AC Service,2733
SR0814,V0814,C0814,2024-10-23,Brake Service,2885
SR0815,V0815,C0815,2023-11-05,Wheel Alignment,8885
SR0816,V0816,C0816,2024-05-10,General Service,5437
SR0817,V0817,C0817,2023-05-10,Brake Service,8872
SR0818,V0818,C0818,2023-10-01,General Service,12743
SR0819,V0819,C0819,2025-10-10,Oil Change,12604
SR0820,V0820,C0820,2024-07-03,Full Service,3798
SR0821,V0821,C0821,2024-10-30,Full Service,8629
SR0822,V0822,C0822,2024-04-07,AC Service,14866
SR0823,V0823,C0823,2024-07-09,Wheel Alignment,10828
SR0824,V0824,C0824,2025-07-15,General Service,5114
SR0825,V0825,C0825,2025-05-06,AC Service,8144
SR0826,V0826,C0826,2023-09-22,AC Service,6224
SR0827,V0827,C0827,2025-01-31,Brake Service,1554
SR0828,V0828,C0828,2024-11-14,General Service,13201
SR0829,V0829,C0829,2023-11-07,General Service,9031
SR0830,V0830,C0830,2025-05-05,AC Service,11206
SR0831,V0831,C0831,2023-08-12,AC Service,12434
SR0832,V0832,C0832,2024-04-24,Wheel Alignment,5027
SR0833,V0833,C0833,2025-05-07,Wheel Alignment,13156
SR0834,V0834,C0834,2025-09-09,Oil Change,14513
SR0835,V0835,C0835,2024-09-21,Full Service,6983
SR0836,V0836,C0836,2024-10-03,Oil Change,2289
SR0837,V0837,C0837,2024-01-16,Full Service,12560
SR0838,V0838,C0838,2023-09-19,Wheel Alignment,6285
SR0839,V0839,C0839,2025-09-11,General Service,13331
SR0840,V0840,C0840,2025-02-10,AC Service,7649
SR0841,V0841,C0841,2025-06-21,Wheel Alignment,12900
SR0842,V0842,C0842,2023-04-27,Brake Service,14924
SR0843,V0843,C0843,2023-12-17,Brake Service,10603
SR0844,V0844,C0844,2023-12-10,Wheel Alignment,3595
SR0845,V0845,C0845,2025-01-02,Oil Change,11773
SR0846,V0846,C0846,2023-08-19,Wheel Alignment,3600
SR0847,V0847,C0847,2024-12-18,General Service,2012
SR0848,V0848,C0848,2023-09-05,Oil Change,13523
SR0849,V0849,C0849,2024-12-08,Oil Change,4669
SR0850,V0850,C0850,2024-09-18,Full Service,5553
SR0851,V0851,C0851,2024-01-06,Oil Change,14097
SR0852,V0852,C0852,2025-10-03,Wheel Alignment,2260
SR0853,V0853,C0853,2024-04-13,Wheel Alignment,13501
SR0854,V0854,C0854,2025-01-02,General Service,9486
SR0855,V0855,C0855,2025-07-20,General Service,2191
SR0856,V0856,C0856,2025-02-21,Full Service,4690
SR0857,V0857,C0857,2024-04-12,Oil Change,9522
SR0858,V0858,C0858,2024-06-29,Oil Change,11541
SR0859,V0859,C0859,2024-12-04,Brake Service,11038
SR0860,V0860,C0860,2023-11-13,Brake Service,8750
SR0861,V0861,C0861,2025-03-27,Oil Change,9466
SR0862,V0862,C0862,2023-07-10,General Service,8800
SR0863,V0863,C0863,2023-10-23,Wheel Alignment,2990
SR0864,V0864,C0864,2024-03-07,Full Service,14192
SR0865,V0865,C0865,2024-09-21,Wheel Alignment,7831
SR0866,V0866,C0866,2023-10-28,Oil Change,14156
SR0867,V0867,C0867,2024-05-06,Full Service,14456
SR0868,V0868,C0868,2024-01-18,Brake Service,3160
SR0869,V0869,C0869,2025-08-25,Full Service,2873
SR0870,V0870,C0870,2023-09-11,General Service,13101
SR0871,V0871,C0871,2025-02-28,AC Service,10847
SR0872,V0872,C0872,2024-09-01,Full Service,4533
SR0873,V0873,C0873,2023-06-03,AC Service,3555
SR0874,V0874,C0874,2024-04-17,Wheel Alignment,5813
SR0875,V0875,C0875,2025-04-01,AC Service,12403
SR0876,V0876,C0876,2025-01-21,AC Service,5146
SR0877,V0877,C0877,2023-10-19,Brake Service,13187
SR0878,V0878,C0878,2023-10-03,Wheel Alignment,3583
SR0879,V0879,C0879,2024-11-06,Oil Change,11898
SR0880,V0880,C0880,2024-12-21,General Service,2706
SR0881,V0881,C0881,2023-09-16,General Service,1757
SR0882,V0882,C0882,2023-09-10,General Service,13196
SR0883,V0883,C0883,2023-12-08,General Service,7439
SR0884,V0884,C0884,2024-05-17,Brake Service,5643
SR0885,V0885,C0885,2025-01-13,AC Service,10708
SR0886,V0886,C0886,2024-02-22,Oil Change,2235
SR0887,V0887,C0887,2025-03-08,Full Service,8342
SR0888,V0888,C0888,2025-03-02,Wheel Alignment,4232
SR0889,V0889,C0889,2024-12-11,Oil Change,9661
SR0890,V0890,C0890,2023-11-17,Oil Change,5703
SR0891,V0891,C0891,2024-07-25,Oil Change,5084
SR0892,V0892,C0892,2025-07-26,Wheel Alignment,8467
SR0893,V0893,C0893,2024-03-28,Oil Change,10503
SR0894,V0894,C0894,2025-05-11,General Service,2065
SR0895,V0895,C0895,2024-07-21,Wheel Alignment,4860
SR0896,V0896,C0896,2024-10-22,General Service,9620
SR0897,V0897,C0897,2024-03-17,General Service,4787
SR0898,V0898,C0898,2025-04-15,General Service,6424
SR0899,V0899,C0899,2024-12-06,Wheel Alignment,2160
SR0900,V0900,C0900,2024-07-28,Full Service,8896
SR0901,V0901,C0901,2025-04-30,AC Service,9282
SR0902,V0902,C0902,2024-02-15,Wheel Alignment,11785
SR0903,V0903,C0903,2023-06-18,Brake Service,9626
SR0904,V0904,C0904,2024-11-01,AC Service,6633
SR0905,V0905,C0905,2024-01-18,Oil Change,9216
SR0906,V0906,C0906,2024-05-05,Oil Change,14328
SR0907,V0907,C0907,2024-07-03,Wheel Alignment,5488
SR0908,V0908,C0908,2024-02-23,Full Service,4502
SR0909,V0909,C0909,2024-02-05,Brake Service,4042
SR0910,V0910,C0910,2023-12-22,Full Service,7227
SR0911,V0911,C0911,2024-12-02,Wheel Alignment,13710
SR0912,V0912,C0912,2024-09-21,General Service,11579
SR0913,V0913,C0913,2024-08-11,Brake Service,11347
SR0914,V0914,C0914,2024-08-23,Full Service,10360
SR0915,V0915,C0915,2024-08-30,Oil Change,1775
SR0916,V0916,C0916,2024-08-06,AC Service,8700
SR0917,V0917,C0917,2025-01-07,Oil Change,2091
SR0918,V0918,C0918,2023-08-23,Brake Service,7434
SR0919,V0919,C0919,2024-05-11,Brake Service,7414
SR0920,V0920,C0920,2023-12-12,Brake Service,14948
SR0921,V0921,C0921,2024-03-23,AC Service,9604
SR0922,V0922,C0922,2025-09-18,Oil Change,4792
SR0923,V0923,C0923,2024-11-07,Brake Service,10881
SR0924,V0924,C0924,2024-12-12,AC Service,14933
SR0925,V0925,C0925,2024-04-20,Wheel Alignment,11084
SR0926,V0926,C0926,2025-02-10,AC Service,14866
SR0927,V0927,C0927,2023-12-14,Oil Change,1765
SR0928,V0928,C0928,2024-03-22,AC Service,2843
SR0929,V0929,C0929,2025-06-09,Wheel Alignment,5872
SR0930,V0930,C0930,2024-03-12,AC Service,6586
SR0931,V0931,C0931,2023-11-14,AC Service,14550
SR0932,V0932,C0932,2023-11-18,AC Service,12258
SR0933,V0933,C0933,2025-06-06,Brake Service,3506
SR0934,V0934,C0934,2025-06-03,Wheel Alignment,9766
SR0935,V0935,C0935,2024-02-18,Brake Service,14991
SR0936,V0936,C0936,2024-12-09,AC Service,4747
SR0937,V0937,C0937,2024-02-11,Wheel Alignment,3735
SR0938,V0938,C0938,2025-04-16,AC Service,6697
SR0939,V0939,C0939,2024-07-30,Full Service,13083
SR0940,V0940,C0940,2024-10-15,AC Service,1669
SR0941,V0941,C0941,2024-02-24,General Service,13527
SR0942,V0942,C0942,2024-04-29,AC Service,6670
SR0943,V0943,C0943,2024-10-06,Brake Service,7106
SR0944,V0944,C0944,2024-06-15,Wheel Alignment,13566
SR0945,V0945,C0945,2025-11-07,AC Service,14199
SR0946,V0946,C0946,2024-03-25,Full Service,2488
SR0947,V0947,C0947,2025-04-21,Wheel Alignment,6803
SR0948,V0948,C0948,2025-07-15,AC Service,10534
SR0949,V0949,C0949,2024-05-15,Brake Service,4551
SR0950,V0950,C0950,2025-07-07,General Service,9357
SR0951,V0951,C0951,2024-09-11,Brake Service,3887
SR0952,V0952,C0952,2024-04-06,Full Service,6870
SR0953,V0953,C0953,2024-04-18,Wheel Alignment,9976
SR0954,V0954,C0954,2025-07-13,AC Service,6964
SR0955,V0955,C0955,2024-12-23,AC Service,11122
SR0956,V0956,C0956,2025-04-03,Full Service,5465
SR0957,V0957,C0957,2024-05-10,Brake Service,7547
SR0958,V0958,C0958,2023-12-01,Wheel Alignment,12298
SR0959,V0959,C0959,2025-07-19,Brake Service,7842
SR0960,V0960,C0960,2024-02-26,General Service,2691
SR0961,V0961,C0961,2023-09-20,Oil Change,14887
SR0962,V0962,C0962,2023-05-29,AC Service,3590
SR0963,V0963,C0963,2024-02-03,General Service,2805
SR0964,V0964,C0964,2024-01-21,Wheel Alignment,10458
SR0965,V0965,C0965,2023-09-03,Full Service,8575
SR0966,V0966,C0966,2023-08-30,Oil Change,12485
SR0967,V0967,C0967,2025-01-30,Oil Change,1947
SR0968,V0968,C0968,2024-07-22,AC Service,9974
SR0969,V0969,C0969,2024-04-07,Oil Change,10674
SR0970,V0970,C0970,2025-07-10,Oil Change,13364
SR0971,V0971,C0971,2024-12-02,General Service,13759
SR0972,V0972,C0972,2025-05-27,Full Service,14699
SR0973,V0973,C0973,2024-02-10,General Service,10114
SR0974,V0974,C0974,2024-10-17,AC Service,5886
SR0975,V0975,C0975,2023-10-23,AC Service,11476
SR0976,V0976,C0976,2024-02-26,Oil Change,14196
SR0977,V0977,C0977,2025-03-27,General Service,13379
SR0978,V0978,C0978,2024-07-11,General Service,2440
SR0979,V0979,C0979,2023-12-23,AC Service,14654
SR0980,V0980,C0980,2023-09-03,AC Service,2509
SR0981,V0981,C0981,2023-08-04,AC Service,3978
SR0982,V0982,C0982,2023-10-15,Full Service,10181
SR0983,V0983,C0983,2025-03-25,Wheel Alignment,2539
SR0984,V0984,C0984,2024-02-05,Wheel Alignment,12073
SR0985,V0985,C0985,2025-07-28,Brake Service,6528
SR0986,V0986,C0986,2024-07-25,Wheel Alignment,5557
SR0987,V0987,C0987,2025-05-02,General Service,2971
SR0988,V0988,C0988,2023-12-13,AC Service,13149
SR0989,V0989,C0989,2024-02-29,AC Service,6590
SR0990,V0990,C0990,2024-04-07,Brake Service,12800
SR0991,V0991,C0991,2025-05-16,Oil Change,5990
SR0992,V0992,C0992,2023-03-05,Wheel Alignment,2096
SR0993,V0993,C0993,2025-01-13,Oil Change,5294
SR0994,V0994,C0994,2025-03-31,Brake Service,11846
SR0995,V0995,C0995,2024-04-17,Brake Service,1636
SR0996,V0996,C0996,2024-02-17,AC Service,12961
SR0997,V0997,C0997,2023-10-30,Brake Service,2038
SR0998,V0998,C0998,2025-03-22,Full Service,4204
SR0999,V0999,C0999,2024-04-15,Wheel Alignment,11919
SR1000,V1000,C1000,2025-09-23,AC Service,4016
