sale_id,customer_id,vehicle_id,dealer_id,sale_date,sale_price
S0001,C0001,V0001,D007,2024-04-09,2366557
S0002,C0002,V0002,D001,2023-07-10,1886484
S0003,C0003,V0003,D007,2024-05-15,889276
S0004,C0004,V0004,D009,2024-03-16,2757137
S0005,C0005,V0005,D010,2023-12-19,663691
S0006,C0006,V0006,D008,2023-10-02,2375846
S0007,C0007,V0007,D008,2023-05-27,1186219
S0008,C0008,V0008,D003,2024-10-25,1452236
S0009,C0009,V0009,D007,2024-05-30,1328820
S0010,C0010,V0010,D007,2024-12-25,842592
S0011,C0011,V0011,D008,2024-01-01,2346398
S0012,C0012,V0012,D009,2023-11-02,776273
S0013,C0013,V0013,D003,2023-12-14,2336242
S0014,C0014,V0014,D005,2024-10-29,761252
S0015,C0015,V0015,D002,2024-04-09,2745253
S0016,C0016,V0016,D007,2023-07-12,720818
S0017,C0017,V0017,D010,2024-08-21,2376045
S0018,C0018,V0018,D003,2024-09-18,866795
S0019,C0019,V0019,D005,2024-04-26,2329416
S0020,C0020,V0020,D008,2023-04-30,2779523
S0021,C0021,V0021,D005,2024-11-14,2365303
S0022,C0022,V0022,D002,2023-10-28,781998
S0023,C0023,V0023,D008,2023-07-28,2727136
S0024,C0024,V0024,D009,2024-12-20,656022
S0025,C0025,V0025,D002,2024-05-29,1374946
S0026,C0026,V0026,D010,2023-12-30,695377
S0027,C0027,V0027,D004,2023-10-24,732257
S0028,C0028,V0028,D005,2023-01-26,1339039
S0029,C0029,V0029,D003,2024-08-26,1376647
S0030,C0030,V0030,D009,2024-09-22,2756593
S0031,C0031,V0031,D002,2023-01-29,2356983
S0032,C0032,V0032,D006,2024-08-12,835113
S0033,C0033,V0033,D010,2023-05-03,1379144
S0034,C0034,V0034,D003,2024-11-26,1883937
S0035,C0035,V0035,D004,2023-05-31,1368880
S0036,C0036,V0036,D010,2024-12-04,816395
S0037,C0037,V0037,D009,2023-11-08,1394802
S0038,C0038,V0038,D010,2023-10-20,2735500
S0039,C0039,V0039,D009,2023-03-17,870202
S0040,C0040,V0040,D006,2024-09-08,833415
S0041,C0041,V0041,D010,2023-09-22,2360343
S0042,C0042,V0042,D002,2024-06-13,1427896
S0043,C0043,V0043,D001,2024-05-24,1825805
S0044,C0044,V0044,D001,2023-11-02,690836
S0045,C0045,V0045,D005,2023-02-05,769984
S0046,C0046,V0046,D007,2023-02-12,1464653
S0047,C0047,V0047,D001,2024-06-10,1387248
S0048,C0048,V0048,D008,2024-12-09,2358642
S0049,C0049,V0049,D005,2024-04-30,821225
S0050,C0050,V0050,D002,2023-05-22,832297
S0051,C0051,V0051,D003,2023-08-20,709852
S0052,C0052,V0052,D005,2023-09-24,2333645
S0053,C0053,V0053,D001,2024-03-24,1482920
S0054,C0054,V0054,D005,2023-04-17,740410
S0055,C0055,V0055,D007,2024-02-27,883427
S0056,C0056,V0056,D008,2024-04-04,706065
S0057,C0057,V0057,D003,2024-10-28,1126946
S0058,C0058,V0058,D010,2023-02-01,706514
S0059,C0059,V0059,D006,2023-10-31,1473289
S0060,C0060,V0060,D002,2024-05-10,1382924
S0061,C0061,V0061,D007,2023-07-11,2351705
S0062,C0062,V0062,D002,2024-05-04,1438964
S0063,C0063,V0063,D006,2024-02-05,2388419
S0064,C0064,V0064,D004,2024-12-21,1852276
S0065,C0065,V0065,D007,2024-01-21,1352702
S0066,C0066,V0066,D009,2024-07-30,1493520
S0067,C0067,V0067,D009,2024-10-03,1381844
S0068,C0068,V0068,D005,2023-09-07,1367975
S0069,C0069,V0069,D008,2024-11-06,1467926
S0070,C0070,V0070,D007,2024-07-01,739435
S0071,C0071,V0071,D010,2023-06-03,2356788
S0072,C0072,V0072,D007,2023-08-16,828001
S0073,C0073,V0073,D007,2024-09-28,1354990
S0074,C0074,V0074,D004,2023-05-13,1847620
S0075,C0075,V0075,D007,2024-07-27,828448
S0076,C0076,V0076,D008,2023-08-09,829190
S0077,C0077,V0077,D001,2024-04-15,1341581
S0078,C0078,V0078,D005,2024-07-17,894958
S0079,C0079,V0079,D002,2024-05-22,2336716
S0080,C0080,V0080,D007,2024-04-06,1390481
S0081,C0081,V0081,D007,2024-10-17,758419
S0082,C0082,V0082,D001,2024-10-12,2362104
S0083,C0083,V0083,D001,2023-04-09,696893
S0084,C0084,V0084,D002,2023-03-18,2354620
S0085,C0085,V0085,D003,2024-11-05,2779090
S0086,C0086,V0086,D006,2023-08-28,1885072
S0087,C0087,V0087,D008,2024-07-15,750732
S0088,C0088,V0088,D005,2024-01-20,2755432
S0089,C0089,V0089,D003,2024-10-06,1470954
S0090,C0090,V0090,D002,2023-11-29,1390716
S0091,C0091,V0091,D002,2024-05-10,2759633
S0092,C0092,V0092,D010,2024-09-26,653402
S0093,C0093,V0093,D009,2023-02-15,2371859
S0094,C0094,V0094,D004,2023-09-21,789544
S0095,C0095,V0095,D010,2023-10-12,874859
S0096,C0096,V0096,D007,2023-02-12,1890014
S0097,C0097,V0097,D009,2024-02-25,1172651
S0098,C0098,V0098,D007,2024-02-09,774013
S0099,C0099,V0099,D005,2023-04-14,1883210
S0100,C0100,V0100,D010,2023-07-18,2375551
S0101,C0101,V0101,D001,2024-04-17,1382539
S0102,C0102,V0102,D008,2024-01-26,1440829
S0103,C0103,V0103,D003,2024-02-28,1361601
S0104,C0104,V0104,D003,2024-04-18,1886870
S0105,C0105,V0105,D006,2024-02-20,781699
S0106,C0106,V0106,D007,2023-07-27,838655
S0107,C0107,V0107,D008,2024-06-26,2738233
S0108,C0108,V0108,D004,2024-10-04,2371065
S0109,C0109,V0109,D008,2023-05-18,823343
S0110,C0110,V0110,D005,2024-01-19,1348108
S0111,C0111,V0111,D009,2023-06-08,836598
S0112,C0112,V0112,D005,2024-09-23,1445602
S0113,C0113,V0113,D003,2023-07-14,1127691
S0114,C0114,V0114,D009,2024-07-20,1476454
S0115,C0115,V0115,D009,2024-11-10,1365661
S0116,C0116,V0116,D004,2024-01-25,795454
S0117,C0117,V0117,D005,2023-12-02,2752081
S0118,C0118,V0118,D007,2024-06-09,1843185
S0119,C0119,V0119,D003,2023-10-04,2382245
S0120,C0120,V0120,D002,2023-08-04,1856147
S0121,C0121,V0121,D002,2023-01-09,824073
S0122,C0122,V0122,D010,2023-06-22,768692
S0123,C0123,V0123,D006,2024-08-23,1464266
S0124,C0124,V0124,D010,2023-09-16,802553
S0125,C0125,V0125,D007,2024-05-15,708698
S0126,C0126,V0126,D004,2023-01-31,1364357
S0127,C0127,V0127,D008,2023-05-05,711880
S0128,C0128,V0128,D009,2024-04-24,2750822
S0129,C0129,V0129,D002,2024-04-05,2358786
S0130,C0130,V0130,D008,2023-12-31,1384485
S0131,C0131,V0131,D010,2024-03-16,891620
S0132,C0132,V0132,D009,2024-03-14,1367069
S0133,C0133,V0133,D010,2023-04-24,835268
S0134,C0134,V0134,D007,2024-05-24,1361835
S0135,C0135,V0135,D006,2023-12-03,702731
S0136,C0136,V0136,D006,2023-07-25,778129
S0137,C0137,V0137,D007,2023-08-02,688639
S0138,C0138,V0138,D001,2024-11-07,1142213
S0139,C0139,V0139,D007,2024-12-12,850557
S0140,C0140,V0140,D002,2024-10-22,879789
S0141,C0141,V0141,D002,2024-07-26,669741
S0142,C0142,V0142,D001,2023-02-22,840149
S0143,C0143,V0143,D009,2023-11-25,826144
S0144,C0144,V0144,D004,2023-12-05,815642
S0145,C0145,V0145,D001,2023-03-22,1166858
S0146,C0146,V0146,D007,2023-12-30,781337
S0147,C0147,V0147,D010,2023-01-27,2733954
S0148,C0148,V0148,D004,2023-03-31,2372542
S0149,C0149,V0149,D006,2023-06-25,666358
S0150,C0150,V0150,D010,2023-09-29,1147085
S0151,C0151,V0151,D010,2023-05-20,852057
S0152,C0152,V0152,D005,2023-08-14,864360
S0153,C0153,V0153,D010,2024-06-07,668398
S0154,C0154,V0154,D008,2024-02-28,2728745
S0155,C0155,V0155,D004,2023-01-03,833002
S0156,C0156,V0156,D006,2024-05-23,1478785
S0157,C0157,V0157,D004,2024-08-07,2340672
S0158,C0158,V0158,D009,2023-02-23,866235
S0159,C0159,V0159,D006,2023-02-11,1843860
S0160,C0160,V0160,D003,2023-04-19,1431714
S0161,C0161,V0161,D009,2024-04-23,830687
S0162,C0162,V0162,D009,2023-04-25,2349432
S0163,C0163,V0163,D001,2023-10-25,665013
S0164,C0164,V0164,D009,2024-04-12,2780964
S0165,C0165,V0165,D002,2023-09-15,1828629
S0166,C0166,V0166,D003,2023-08-21,2389684
S0167,C0167,V0167,D003,2024-04-20,1430804
S0168,C0168,V0168,D003,2023-04-28,825302
S0169,C0169,V0169,D009,2023-04-20,688098
S0170,C0170,V0170,D008,2023-02-19,2770672
S0171,C0171,V0171,D001,2023-01-04,1846088
S0172,C0172,V0172,D003,2023-06-18,691364
S0173,C0173,V0173,D004,2023-06-10,2394501
S0174,C0174,V0174,D001,2024-07-08,1338854
S0175,C0175,V0175,D006,2023-05-26,787312
S0176,C0176,V0176,D004,2023-09-30,764040
S0177,C0177,V0177,D010,2024-09-05,1856645
S0178,C0178,V0178,D004,2024-02-17,1888609
S0179,C0179,V0179,D002,2024-07-19,698672
S0180,C0180,V0180,D010,2024-02-12,1145796
S0181,C0181,V0181,D001,2024-11-16,1474006
S0182,C0182,V0182,D002,2023-03-15,731047
S0183,C0183,V0183,D002,2023-07-10,2389549
S0184,C0184,V0184,D001,2023-11-20,1137092
S0185,C0185,V0185,D005,2023-12-19,1825303
S0186,C0186,V0186,D006,2023-10-31,1486567
S0187,C0187,V0187,D001,2023-08-15,891217
S0188,C0188,V0188,D003,2023-10-13,1864913
S0189,C0189,V0189,D005,2023-04-27,844983
S0190,C0190,V0190,D009,2024-05-31,1428057
S0191,C0191,V0191,D010,2023-03-02,1449685
S0192,C0192,V0192,D007,2024-12-04,860039
S0193,C0193,V0193,D008,2024-10-18,2332177
S0194,C0194,V0194,D006,2024-11-17,841461
S0195,C0195,V0195,D003,2024-08-10,1433534
S0196,C0196,V0196,D010,2024-11-24,1376871
S0197,C0197,V0197,D007,2023-10-11,1856410
S0198,C0198,V0198,D004,2023-02-19,2726974
S0199,C0199,V0199,D005,2023-02-24,861394
S0200,C0200,V0200,D005,2024-06-25,847677
S0201,C0201,V0201,D009,2023-03-24,1382430
S0202,C0202,V0202,D004,2024-12-09,786851
S0203,C0203,V0203,D007,2023-10-02,833524
S0204,C0204,V0204,D002,2024-11-11,2376366
S0205,C0205,V0205,D003,2023-09-15,1333553
S0206,C0206,V0206,D003,2023-11-22,2758748
S0207,C0207,V0207,D005,2024-04-30,775339
S0208,C0208,V0208,D009,2024-07-19,1461712
S0209,C0209,V0209,D004,2024-11-16,1365989
S0210,C0210,V0210,D008,2023-05-22,1492991
S0211,C0211,V0211,D004,2023-07-25,1387807
S0212,C0212,V0212,D006,2023-07-30,1189059
S0213,C0213,V0213,D006,2023-06-03,2786017
S0214,C0214,V0214,D010,2024-04-20,1831096
S0215,C0215,V0215,D007,2023-06-30,2340282
S0216,C0216,V0216,D007,2023-07-15,1884861
S0217,C0217,V0217,D009,2024-11-28,2381956
S0218,C0218,V0218,D002,2024-10-22,758485
S0219,C0219,V0219,D009,2024-12-25,2754101
S0220,C0220,V0220,D006,2023-07-27,1451936
S0221,C0221,V0221,D007,2023-06-09,1863462
S0222,C0222,V0222,D005,2024-02-16,850790
S0223,C0223,V0223,D006,2024-04-13,767553
S0224,C0224,V0224,D006,2023-07-13,1429113
S0225,C0225,V0225,D010,2023-02-03,794942
S0226,C0226,V0226,D008,2024-05-13,652966
S0227,C0227,V0227,D008,2024-03-02,2370085
S0228,C0228,V0228,D006,2024-10-29,757562
S0229,C0229,V0229,D006,2023-02-09,2391968
S0230,C0230,V0230,D004,2024-12-25,873814
S0231,C0231,V0231,D008,2023-05-23,793025
S0232,C0232,V0232,D004,2024-08-13,1425635
S0233,C0233,V0233,D010,2023-12-25,788911
S0234,C0234,V0234,D007,2023-05-03,1159491
S0235,C0235,V0235,D008,2023-10-18,2794493
S0236,C0236,V0236,D002,2023-10-12,1329991
S0237,C0237,V0237,D005,2023-07-29,2771925
S0238,C0238,V0238,D002,2024-06-11,1394413
S0239,C0239,V0239,D009,2023-12-07,2389815
S0240,C0240,V0240,D002,2024-08-23,1366702
S0241,C0241,V0241,D001,2023-10-03,1147653
S0242,C0242,V0242,D003,2024-10-20,1836900
S0243,C0243,V0243,D001,2023-10-14,839636
S0244,C0244,V0244,D009,2024-03-19,845659
S0245,C0245,V0245,D003,2024-01-25,834908
S0246,C0246,V0246,D005,2024-02-07,1872234
S0247,C0247,V0247,D008,2023-06-11,811590
S0248,C0248,V0248,D001,2023-03-26,860501
S0249,C0249,V0249,D009,2023-01-22,1444386
S0250,C0250,V0250,D001,2024-01-24,715079
S0251,C0251,V0251,D003,2023-03-29,671406
S0252,C0252,V0252,D002,2024-03-01,1354534
S0253,C0253,V0253,D002,2023-10-25,866062
S0254,C0254,V0254,D001,2024-05-07,741774
S0255,C0255,V0255,D003,2023-08-31,1357045
S0256,C0256,V0256,D010,2023-04-05,2745590
S0257,C0257,V0257,D010,2024-12-29,839818
S0258,C0258,V0258,D003,2024-06-23,830545
S0259,C0259,V0259,D008,2024-09-15,740014
S0260,C0260,V0260,D001,2023-01-08,705212
S0261,C0261,V0261,D007,2023-11-16,1371540
S0262,C0262,V0262,D009,2023-04-14,1460487
S0263,C0263,V0263,D001,2024-05-16,2339463
S0264,C0264,V0264,D002,2024-09-23,748908
S0265,C0265,V0265,D008,2024-11-06,1351246
S0266,C0266,V0266,D004,2023-02-21,2376971
S0267,C0267,V0267,D008,2023-04-30,825252
S0268,C0268,V0268,D005,2023-05-21,1426962
S0269,C0269,V0269,D009,2023-09-10,2780948
S0270,C0270,V0270,D006,2023-11-20,2345468
S0271,C0271,V0271,D007,2023-11-15,783209
S0272,C0272,V0272,D003,2023-06-06,1468413
S0273,C0273,V0273,D009,2023-02-28,651850
S0274,C0274,V0274,D002,2024-07-06,1163835
S0275,C0275,V0275,D007,2024-03-07,838113
S0276,C0276,V0276,D006,2023-12-04,774512
S0277,C0277,V0277,D002,2024-01-28,725815
S0278,C0278,V0278,D008,2023-01-31,649020
S0279,C0279,V0279,D003,2024-11-23,1890095
S0280,C0280,V0280,D007,2024-01-22,863124
S0281,C0281,V0281,D005,2024-01-25,1350580
S0282,C0282,V0282,D006,2024-08-17,2767591
S0283,C0283,V0283,D002,2024-09-27,2736999
S0284,C0284,V0284,D010,2024-06-24,2767527
S0285,C0285,V0285,D008,2024-09-07,664020
S0286,C0286,V0286,D010,2023-02-25,802062
S0287,C0287,V0287,D002,2024-12-12,761139
S0288,C0288,V0288,D004,2023-07-21,1439604
S0289,C0289,V0289,D002,2023-03-11,867128
S0290,C0290,V0290,D006,2023-09-20,2794595
S0291,C0291,V0291,D009,2024-08-27,711988
S0292,C0292,V0292,D001,2023-11-07,766294
S0293,C0293,V0293,D005,2023-05-30,885390
S0294,C0294,V0294,D009,2024-02-22,1840534
S0295,C0295,V0295,D004,2024-01-10,1189728
S0296,C0296,V0296,D007,2023-08-08,1165198
S0297,C0297,V0297,D007,2023-03-03,699885
S0298,C0298,V0298,D007,2023-11-11,844090
S0299,C0299,V0299,D004,2023-09-02,787176
S0300,C0300,V0300,D005,2023-05-11,797513
S0301,C0301,V0301,D010,2024-04-12,1179653
S0302,C0302,V0302,D008,2023-09-28,827155
S0303,C0303,V0303,D003,2023-02-14,2787869
S0304,C0304,V0304,D002,2024-10-11,2367665
S0305,C0305,V0305,D002,2023-02-26,2351801
S0306,C0306,V0306,D003,2023-06-03,2760260
S0307,C0307,V0307,D005,2024-10-09,1185587
S0308,C0308,V0308,D010,2023-01-22,1178695
S0309,C0309,V0309,D005,2023-04-04,2380091
S0310,C0310,V0310,D003,2023-07-27,1880728
S0311,C0311,V0311,D009,2023-12-26,2738903
S0312,C0312,V0312,D001,2023-03-01,810975
S0313,C0313,V0313,D001,2023-08-23,2377334
S0314,C0314,V0314,D009,2024-07-05,835422
S0315,C0315,V0315,D010,2024-12-08,844227
S0316,C0316,V0316,D009,2024-12-26,881524
S0317,C0317,V0317,D003,2023-01-16,862170
S0318,C0318,V0318,D007,2023-06-27,874924
S0319,C0319,V0319,D010,2024-08-16,863485
S0320,C0320,V0320,D008,2023-03-30,2379344
S0321,C0321,V0321,D010,2024-05-12,754021
S0322,C0322,V0322,D003,2023-01-29,1494720
S0323,C0323,V0323,D002,2023-02-12,844808
S0324,C0324,V0324,D008,2023-12-24,1460760
S0325,C0325,V0325,D009,2024-05-02,1447470
S0326,C0326,V0326,D005,2024-05-22,1391067
S0327,C0327,V0327,D010,2023-10-19,888827
S0328,C0328,V0328,D001,2023-08-15,1447523
S0329,C0329,V0329,D009,2023-11-19,890703
S0330,C0330,V0330,D006,2023-01-17,1167577
S0331,C0331,V0331,D005,2024-10-11,829740
S0332,C0332,V0332,D006,2024-10-23,2745660
S0333,C0333,V0333,D004,2024-01-13,851632
S0334,C0334,V0334,D007,2023-10-23,843906
S0335,C0335,V0335,D010,2024-11-07,740255
S0336,C0336,V0336,D003,2023-08-14,1470920
S0337,C0337,V0337,D003,2023-06-09,2725213
S0338,C0338,V0338,D007,2024-12-19,832449
S0339,C0339,V0339,D008,2023-02-04,1455448
S0340,C0340,V0340,D003,2023-12-08,720524
S0341,C0341,V0341,D010,2023-10-31,801598
S0342,C0342,V0342,D007,2024-09-17,679263
S0343,C0343,V0343,D007,2023-09-01,1142022
S0344,C0344,V0344,D005,2024-02-01,1385514
S0345,C0345,V0345,D009,2024-04-09,2739067
S0346,C0346,V0346,D002,2024-12-18,713836
S0347,C0347,V0347,D010,2023-11-02,1428397
S0348,C0348,V0348,D003,2024-06-14,2733068
S0349,C0349,V0349,D005,2024-05-21,702727
S0350,C0350,V0350,D002,2023-02-04,2385773
S0351,C0351,V0351,D010,2023-01-08,1828260
S0352,C0352,V0352,D002,2024-08-16,692235
S0353,C0353,V0353,D010,2023-10-24,692731
S0354,C0354,V0354,D007,2023-05-26,842077
S0355,C0355,V0355,D009,2023-02-26,1826771
S0356,C0356,V0356,D003,2023-07-05,1347372
S0357,C0357,V0357,D008,2024-02-05,683828
S0358,C0358,V0358,D001,2023-09-17,2734125
S0359,C0359,V0359,D001,2023-09-05,732300
S0360,C0360,V0360,D007,2023-11-17,711701
S0361,C0361,V0361,D001,2023-07-24,2384457
S0362,C0362,V0362,D009,2024-08-20,682760
S0363,C0363,V0363,D010,2023-09-07,662136
S0364,C0364,V0364,D006,2023-11-20,1146194
S0365,C0365,V0365,D002,2023-02-17,653420
S0366,C0366,V0366,D010,2024-12-18,1478061
S0367,C0367,V0367,D003,2023-01-04,1866500
S0368,C0368,V0368,D004,2024-09-14,2764745
S0369,C0369,V0369,D010,2023-11-11,1480338
S0370,C0370,V0370,D010,2023-09-27,1130149
S0371,C0371,V0371,D005,2023-11-18,1173905
S0372,C0372,V0372,D002,2024-06-30,673314
S0373,C0373,V0373,D007,2024-09-13,1361346
S0374,C0374,V0374,D004,2023-04-25,2779064
S0375,C0375,V0375,D008,2023-04-21,1170019
S0376,C0376,V0376,D007,2023-08-25,2383394
S0377,C0377,V0377,D008,2023-03-27,2759880
S0378,C0378,V0378,D006,2024-10-03,711324
S0379,C0379,V0379,D007,2024-09-14,1451067
S0380,C0380,V0380,D007,2024-07-08,1345702
S0381,C0381,V0381,D007,2024-06-23,709129
S0382,C0382,V0382,D004,2024-06-13,894851
S0383,C0383,V0383,D001,2024-04-21,2784256
S0384,C0384,V0384,D008,2024-01-12,2355720
S0385,C0385,V0385,D007,2024-10-06,2325982
S0386,C0386,V0386,D009,2023-02-07,705616
S0387,C0387,V0387,D008,2023-03-27,695766
S0388,C0388,V0388,D002,2023-07-28,1460584
S0389,C0389,V0389,D010,2023-10-13,1851031
S0390,C0390,V0390,D005,2024-03-17,792721
S0391,C0391,V0391,D006,2024-02-17,1345766
S0392,C0392,V0392,D007,2023-05-19,1848901
S0393,C0393,V0393,D009,2023-08-24,2348735
S0394,C0394,V0394,D010,2023-04-09,1882042
S0395,C0395,V0395,D002,2024-03-03,1167205
S0396,C0396,V0396,D010,2024-01-03,1867366
S0397,C0397,V0397,D008,2023-12-28,1344068
S0398,C0398,V0398,D006,2024-09-05,729962
S0399,C0399,V0399,D004,2023-04-03,676919
S0400,C0400,V0400,D004,2023-11-28,1836570
S0401,C0401,V0401,D003,2024-10-24,1876288
S0402,C0402,V0402,D001,2024-01-20,845959
S0403,C0403,V0403,D001,2023-06-05,792675
S0404,C0404,V0404,D002,2024-10-04,1893677
S0405,C0405,V0405,D004,2023-02-02,1434041
S0406,C0406,V0406,D005,2023-04-22,2742100
S0407,C0407,V0407,D003,2024-01-02,1840872
S0408,C0408,V0408,D010,2023-03-13,1137586
S0409,C0409,V0409,D002,2024-03-18,1142820
S0410,C0410,V0410,D001,2023-12-07,1137019
S0411,C0411,V0411,D008,2024-08-12,781635
S0412,C0412,V0412,D009,2023-08-07,1865435
S0413,C0413,V0413,D008,2023-01-08,799836
S0414,C0414,V0414,D009,2024-06-18,670470
S0415,C0415,V0415,D010,2024-09-29,817770
S0416,C0416,V0416,D001,2023-01-08,723657
S0417,C0417,V0417,D002,2023-03-09,678067
S0418,C0418,V0418,D008,2023-08-25,2327315
S0419,C0419,V0419,D002,2023-02-17,815318
S0420,C0420,V0420,D004,2023-07-16,2782625
S0421,C0421,V0421,D001,2023-03-16,1140591
S0422,C0422,V0422,D009,2024-04-18,1157039
S0423,C0423,V0423,D009,2023-12-18,2725624
S0424,C0424,V0424,D006,2023-10-23,790396
S0425,C0425,V0425,D006,2023-08-03,2376073
S0426,C0426,V0426,D010,2024-07-30,857515
S0427,C0427,V0427,D002,2024-07-22,2379781
S0428,C0428,V0428,D005,2023-10-02,1884885
S0429,C0429,V0429,D004,2023-02-16,859141
S0430,C0430,V0430,D006,2024-08-08,2394933
S0431,C0431,V0431,D002,2024-04-13,2771641
S0432,C0432,V0432,D009,2023-02-11,713624
S0433,C0433,V0433,D004,2024-07-29,2758920
S0434,C0434,V0434,D001,2023-05-17,1376445
S0435,C0435,V0435,D002,2024-08-20,1173553
S0436,C0436,V0436,D008,2024-10-27,1829134
S0437,C0437,V0437,D008,2024-09-17,1452684
S0438,C0438,V0438,D006,2023-09-11,2780583
S0439,C0439,V0439,D009,2024-08-31,774042
S0440,C0440,V0440,D004,2024-07-10,1840821
S0441,C0441,V0441,D002,2023-09-12,1834764
S0442,C0442,V0442,D002,2024-10-31,1358005
S0443,C0443,V0443,D004,2023-05-01,1857429
S0444,C0444,V0444,D009,2023-03-04,1384840
S0445,C0445,V0445,D003,2024-04-11,676614
S0446,C0446,V0446,D001,2024-09-08,1427905
S0447,C0447,V0447,D009,2024-04-14,1164735
S0448,C0448,V0448,D007,2023-03-09,1369122
S0449,C0449,V0449,D003,2024-04-27,866398
S0450,C0450,V0450,D007,2024-09-29,777003
S0451,C0451,V0451,D001,2023-07-24,2352315
S0452,C0452,V0452,D006,2023-07-27,737068
S0453,C0453,V0453,D008,2023-11-15,1391236
S0454,C0454,V0454,D010,2023-12-18,715698
S0455,C0455,V0455,D007,2024-02-15,1480435
S0456,C0456,V0456,D007,2023-02-11,836562
S0457,C0457,V0457,D007,2024-01-05,1891831
S0458,C0458,V0458,D003,2024-11-14,765153
S0459,C0459,V0459,D009,2023-04-13,1885611
S0460,C0460,V0460,D010,2023-10-12,1353798
S0461,C0461,V0461,D006,2024-06-18,800720
S0462,C0462,V0462,D006,2024-12-13,1171025
S0463,C0463,V0463,D009,2023-11-21,843916
S0464,C0464,V0464,D004,2023-03-13,1375849
S0465,C0465,V0465,D008,2024-09-08,794893
S0466,C0466,V0466,D002,2023-07-05,744101
S0467,C0467,V0467,D001,2023-05-08,784297
S0468,C0468,V0468,D010,2023-09-29,741773
S0469,C0469,V0469,D010,2024-02-11,788673
S0470,C0470,V0470,D002,2023-09-06,1186282
S0471,C0471,V0471,D006,2024-05-28,1134020
S0472,C0472,V0472,D003,2023-02-19,857983
S0473,C0473,V0473,D009,2024-07-19,2768526
S0474,C0474,V0474,D005,2024-10-07,894975
S0475,C0475,V0475,D002,2024-06-22,1856026
S0476,C0476,V0476,D010,2024-08-12,701144
S0477,C0477,V0477,D003,2024-06-30,2755809
S0478,C0478,V0478,D008,2023-07-07,772436
S0479,C0479,V0479,D001,2023-01-19,759674
S0480,C0480,V0480,D002,2024-03-07,1143069
S0481,C0481,V0481,D008,2024-02-07,1162037
S0482,C0482,V0482,D009,2023-02-24,793449
S0483,C0483,V0483,D003,2023-03-25,708128
S0484,C0484,V0484,D010,2024-06-10,1873773
S0485,C0485,V0485,D002,2023-04-30,750253
S0486,C0486,V0486,D007,2023-08-22,844360
S0487,C0487,V0487,D008,2023-05-12,1472188
S0488,C0488,V0488,D003,2024-02-09,2763011
S0489,C0489,V0489,D004,2024-10-27,2744025
S0490,C0490,V0490,D002,2024-06-10,1378984
S0491,C0491,V0491,D001,2024-10-04,1488655
S0492,C0492,V0492,D004,2023-05-03,841542
S0493,C0493,V0493,D006,2023-10-16,1870306
S0494,C0494,V0494,D006,2024-03-22,1149271
S0495,C0495,V0495,D001,2023-03-16,1368075
S0496,C0496,V0496,D001,2023-12-18,1489619
S0497,C0497,V0497,D009,2023-08-29,2764025
S0498,C0498,V0498,D001,2023-03-06,732137
S0499,C0499,V0499,D008,2024-11-19,1456368
S0500,C0500,V0500,D002,2024-12-02,1332797
S0501,C0501,V0501,D003,2023-12-13,651846
S0502,C0502,V0502,D008,2023-11-21,841928
S0503,C0503,V0503,D008,2024-02-20,1477678
S0504,C0504,V0504,D006,2024-01-12,1325768
S0505,C0505,V0505,D003,2024-07-18,1166606
S0506,C0506,V0506,D005,2023-10-22,1188017
S0507,C0507,V0507,D009,2024-04-20,1832986
S0508,C0508,V0508,D010,2023-07-14,2353389
S0509,C0509,V0509,D003,2023-08-30,1385556
S0510,C0510,V0510,D007,2024-05-22,830883
S0511,C0511,V0511,D004,2024-09-29,1842991
S0512,C0512,V0512,D010,2024-07-15,696713
S0513,C0513,V0513,D009,2024-11-22,1469148
S0514,C0514,V0514,D008,2024-05-27,1129601
S0515,C0515,V0515,D004,2024-01-05,1354898
S0516,C0516,V0516,D002,2024-08-28,2780259
S0517,C0517,V0517,D009,2024-12-09,1431692
S0518,C0518,V0518,D008,2024-07-06,654229
S0519,C0519,V0519,D002,2024-10-03,1837143
S0520,C0520,V0520,D005,2023-01-08,738155
S0521,C0521,V0521,D005,2023-11-29,1129060
S0522,C0522,V0522,D009,2023-04-11,2755913
S0523,C0523,V0523,D007,2023-10-26,1343602
S0524,C0524,V0524,D002,2023-06-20,1192584
S0525,C0525,V0525,D007,2023-07-23,1194882
S0526,C0526,V0526,D009,2024-03-17,1427049
S0527,C0527,V0527,D004,2024-02-26,1366248
S0528,C0528,V0528,D008,2024-12-16,709254
S0529,C0529,V0529,D009,2023-06-29,2331165
S0530,C0530,V0530,D010,2024-12-16,1443195
S0531,C0531,V0531,D005,2024-09-03,1837033
S0532,C0532,V0532,D002,2023-12-26,860300
S0533,C0533,V0533,D007,2023-06-19,705551
S0534,C0534,V0534,D008,2024-07-24,1837643
S0535,C0535,V0535,D007,2024-10-25,1833431
S0536,C0536,V0536,D009,2024-09-14,1128905
S0537,C0537,V0537,D005,2023-10-22,719118
S0538,C0538,V0538,D009,2024-10-04,686417
S0539,C0539,V0539,D001,2023-03-27,1849175
S0540,C0540,V0540,D003,2023-04-01,2347037
S0541,C0541,V0541,D008,2024-01-06,696062
S0542,C0542,V0542,D005,2024-09-06,792202
S0543,C0543,V0543,D001,2024-10-03,1447547
S0544,C0544,V0544,D004,2023-04-08,1887337
S0545,C0545,V0545,D004,2023-03-08,2794922
S0546,C0546,V0546,D010,2023-05-09,2366302
S0547,C0547,V0547,D001,2023-10-16,2782172
S0548,C0548,V0548,D008,2024-04-30,2358652
S0549,C0549,V0549,D002,2023-06-15,891006
S0550,C0550,V0550,D001,2024-09-08,659789
S0551,C0551,V0551,D007,2023-11-01,1841552
S0552,C0552,V0552,D008,2023-01-19,2380441
S0553,C0553,V0553,D004,2023-05-09,756553
S0554,C0554,V0554,D001,2024-04-03,656757
S0555,C0555,V0555,D003,2023-03-09,2365557
S0556,C0556,V0556,D004,2023-12-07,810322
S0557,C0557,V0557,D003,2023-08-12,2757487
S0558,C0558,V0558,D006,2024-08-03,750358
S0559,C0559,V0559,D004,2023-08-09,709136
S0560,C0560,V0560,D002,2023-05-12,666657
S0561,C0561,V0561,D007,2024-04-13,2333264
S0562,C0562,V0562,D001,2024-09-06,1477413
S0563,C0563,V0563,D007,2023-01-11,881899
S0564,C0564,V0564,D001,2023-05-19,1169626
S0565,C0565,V0565,D003,2023-07-22,887037
S0566,C0566,V0566,D008,2024-11-02,1133739
S0567,C0567,V0567,D002,2024-11-17,1432779
S0568,C0568,V0568,D004,2023-07-29,1135242
S0569,C0569,V0569,D008,2024-10-25,1374718
S0570,C0570,V0570,D005,2023-11-15,2379341
S0571,C0571,V0571,D009,2023-11-04,787643
S0572,C0572,V0572,D008,2024-12-27,798895
S0573,C0573,V0573,D007,2024-04-22,782993
S0574,C0574,V0574,D009,2024-02-21,817331
S0575,C0575,V0575,D003,2023-10-22,652809
S0576,C0576,V0576,D005,2024-09-18,2349245
S0577,C0577,V0577,D003,2023-10-04,838516
S0578,C0578,V0578,D010,2024-10-04,2744491
S0579,C0579,V0579,D010,2024-01-12,792732
S0580,C0580,V0580,D010,2023-03-31,2368183
S0581,C0581,V0581,D006,2024-08-23,707294
S0582,C0582,V0582,D001,2023-03-12,788409
S0583,C0583,V0583,D006,2023-11-19,732454
S0584,C0584,V0584,D010,2024-07-18,822786
S0585,C0585,V0585,D008,2023-12-12,2379546
S0586,C0586,V0586,D004,2023-08-06,1430668
S0587,C0587,V0587,D010,2023-08-19,1368306
S0588,C0588,V0588,D005,2023-08-15,703669
S0589,C0589,V0589,D002,2024-01-02,2789689
S0590,C0590,V0590,D005,2023-04-18,832092
S0591,C0591,V0591,D005,2023-11-28,2327650
S0592,C0592,V0592,D006,2024-05-30,825110
S0593,C0593,V0593,D008,2024-06-04,1461367
S0594,C0594,V0594,D004,2023-04-21,743771
S0595,C0595,V0595,D005,2023-04-29,800327
S0596,C0596,V0596,D007,2024-02-11,729055
S0597,C0597,V0597,D009,2023-10-08,2771959
S0598,C0598,V0598,D007,2024-06-28,1134087
S0599,C0599,V0599,D007,2024-02-15,779638
S0600,C0600,V0600,D008,2024-04-19,2350958
S0601,C0601,V0601,D008,2023-01-15,2745976
S0602,C0602,V0602,D009,2023-05-01,676851
S0603,C0603,V0603,D003,2024-09-16,2367827
S0604,C0604,V0604,D006,2024-12-14,702948
S0605,C0605,V0605,D005,2024-04-19,1179119
S0606,C0606,V0606,D002,2023-08-13,690143
S0607,C0607,V0607,D005,2023-01-12,2377485
S0608,C0608,V0608,D004,2023-04-09,893294
S0609,C0609,V0609,D007,2023-01-27,1445091
S0610,C0610,V0610,D005,2023-11-30,759016
S0611,C0611,V0611,D004,2024-11-16,1354422
S0612,C0612,V0612,D003,2023-05-09,742800
S0613,C0613,V0613,D004,2024-06-15,1174555
S0614,C0614,V0614,D002,2024-09-26,2363890
S0615,C0615,V0615,D008,2023-04-17,2756772
S0616,C0616,V0616,D007,2024-10-09,1176198
S0617,C0617,V0617,D008,2024-08-29,2344887
S0618,C0618,V0618,D009,2024-03-16,775548
S0619,C0619,V0619,D004,2023-04-05,803698
S0620,C0620,V0620,D002,2023-07-05,861181
S0621,C0621,V0621,D003,2023-09-18,877576
S0622,C0622,V0622,D008,2023-09-14,873945
S0623,C0623,V0623,D005,2023-12-26,1490431
S0624,C0624,V0624,D010,2024-01-24,1191517
S0625,C0625,V0625,D006,2023-03-16,835619
S0626,C0626,V0626,D004,2023-09-24,1857846
S0627,C0627,V0627,D004,2024-12-19,1174247
S0628,C0628,V0628,D008,2024-12-29,1851078
S0629,C0629,V0629,D003,2024-07-16,1488235
S0630,C0630,V0630,D002,2023-09-28,1365740
S0631,C0631,V0631,D004,2024-04-20,853047
S0632,C0632,V0632,D004,2023-05-17,1139022
S0633,C0633,V0633,D003,2023-03-29,803798
S0634,C0634,V0634,D005,2024-06-07,1870402
S0635,C0635,V0635,D008,2023-10-07,821949
S0636,C0636,V0636,D003,2024-11-17,815689
S0637,C0637,V0637,D009,2024-05-16,1174964
S0638,C0638,V0638,D007,2024-12-17,831247
S0639,C0639,V0639,D008,2023-09-02,2364469
S0640,C0640,V0640,D005,2024-07-02,1433542
S0641,C0641,V0641,D010,2023-03-19,1468741
S0642,C0642,V0642,D002,2024-07-31,764361
S0643,C0643,V0643,D009,2023-08-28,1326920
S0644,C0644,V0644,D001,2023-09-27,1129277
S0645,C0645,V0645,D004,2023-12-14,1858767
S0646,C0646,V0646,D003,2023-10-07,1458133
S0647,C0647,V0647,D001,2023-06-10,651657
S0648,C0648,V0648,D010,2023-11-19,693264
S0649,C0649,V0649,D002,2023-09-25,712204
S0650,C0650,V0650,D007,2023-08-21,1888911
S0651,C0651,V0651,D002,2023-05-09,2394793
S0652,C0652,V0652,D002,2023-01-03,1435434
S0653,C0653,V0653,D005,2023-03-22,1835540
S0654,C0654,V0654,D001,2023-07-10,664880
S0655,C0655,V0655,D009,2023-09-10,825985
S0656,C0656,V0656,D009,2024-01-15,1453675
S0657,C0657,V0657,D001,2024-10-13,1853523
S0658,C0658,V0658,D001,2024-07-26,1890201
S0659,C0659,V0659,D008,2024-03-02,1160647
S0660,C0660,V0660,D009,2023-11-26,669166
S0661,C0661,V0661,D006,2024-12-02,1178001
S0662,C0662,V0662,D008,2024-08-29,815124
S0663,C0663,V0663,D004,2023-06-08,870734
S0664,C0664,V0664,D007,2024-01-28,824293
S0665,C0665,V0665,D008,2023-12-10,801177
S0666,C0666,V0666,D009,2024-04-25,1125692
S0667,C0667,V0667,D006,2024-06-11,886764
S0668,C0668,V0668,D005,2023-05-02,2741890
S0669,C0669,V0669,D004,2024-01-27,785471
S0670,C0670,V0670,D001,2023-12-28,1440961
S0671,C0671,V0671,D007,2023-12-28,2729315
S0672,C0672,V0672,D001,2024-10-05,844310
S0673,C0673,V0673,D005,2023-03-27,1133160
S0674,C0674,V0674,D006,2023-06-18,830776
S0675,C0675,V0675,D008,2023-04-25,1144802
S0676,C0676,V0676,D007,2024-07-17,718659
S0677,C0677,V0677,D010,2024-09-28,1871321
S0678,C0678,V0678,D003,2023-03-04,781332
S0679,C0679,V0679,D001,2023-11-27,1475861
S0680,C0680,V0680,D004,2023-11-12,811094
S0681,C0681,V0681,D001,2024-02-01,2758511
S0682,C0682,V0682,D010,2024-08-25,778100
S0683,C0683,V0683,D005,2023-07-23,1440721
S0684,C0684,V0684,D003,2023-06-28,1178841
S0685,C0685,V0685,D008,2024-06-03,725417
S0686,C0686,V0686,D009,2023-04-05,1180074
S0687,C0687,V0687,D010,2023-10-29,2733594
S0688,C0688,V0688,D009,2023-09-17,1883934
S0689,C0689,V0689,D005,2023-04-15,2329534
S0690,C0690,V0690,D009,2024-09-21,1827757
S0691,C0691,V0691,D006,2023-01-20,657720
S0692,C0692,V0692,D005,2024-12-31,2343983
S0693,C0693,V0693,D008,2023-07-19,2336427
S0694,C0694,V0694,D010,2023-12-22,2758101
S0695,C0695,V0695,D005,2023-09-01,2752748
S0696,C0696,V0696,D004,2024-02-26,690375
S0697,C0697,V0697,D002,2023-09-12,664696
S0698,C0698,V0698,D001,2023-07-26,852823
S0699,C0699,V0699,D003,2023-02-04,1875483
S0700,C0700,V0700,D005,2023-11-21,840986
S0701,C0701,V0701,D002,2023-05-20,886237
S0702,C0702,V0702,D009,2023-10-02,1439285
S0703,C0703,V0703,D006,2023-01-12,1468877
S0704,C0704,V0704,D009,2024-02-03,802286
S0705,C0705,V0705,D008,2023-09-13,778920
S0706,C0706,V0706,D007,2024-10-04,842581
S0707,C0707,V0707,D003,2023-01-12,832221
S0708,C0708,V0708,D007,2023-02-03,2728336
S0709,C0709,V0709,D009,2023-02-19,1463856
S0710,C0710,V0710,D008,2024-08-24,693411
S0711,C0711,V0711,D008,2024-05-02,1490952
S0712,C0712,V0712,D002,2024-10-28,2371082
S0713,C0713,V0713,D003,2024-02-03,1862809
S0714,C0714,V0714,D010,2023-01-26,1133469
S0715,C0715,V0715,D006,2024-10-07,2764207
S0716,C0716,V0716,D007,2024-02-24,2340218
S0717,C0717,V0717,D007,2023-04-15,683358
S0718,C0718,V0718,D005,2024-10-01,866586
S0719,C0719,V0719,D005,2024-03-21,892406
S0720,C0720,V0720,D005,2024-06-10,835388
S0721,C0721,V0721,D009,2024-01-05,1140546
S0722,C0722,V0722,D002,2023-03-16,1842093
S0723,C0723,V0723,D006,2024-02-27,1139407
S0724,C0724,V0724,D010,2023-10-15,1367254
S0725,C0725,V0725,D004,2023-09-07,1866002
S0726,C0726,V0726,D005,2024-04-10,1339864
S0727,C0727,V0727,D010,2024-03-15,1146912
S0728,C0728,V0728,D009,2024-01-24,828398
S0729,C0729,V0729,D009,2024-10-07,812180
S0730,C0730,V0730,D008,2024-03-18,2394959
S0731,C0731,V0731,D008,2023-09-19,678580
S0732,C0732,V0732,D004,2023-05-16,705784
S0733,C0733,V0733,D003,2024-01-02,1829262
S0734,C0734,V0734,D004,2024-12-15,1838735
S0735,C0735,V0735,D008,2023-11-07,832146
S0736,C0736,V0736,D007,2024-04-17,2336291
S0737,C0737,V0737,D006,2023-12-26,677094
S0738,C0738,V0738,D009,2023-07-11,2776012
S0739,C0739,V0739,D003,2023-03-26,2767628
S0740,C0740,V0740,D010,2023-05-20,1892612
S0741,C0741,V0741,D010,2024-08-28,704335
S0742,C0742,V0742,D007,2024-10-25,1137919
S0743,C0743,V0743,D005,2023-04-29,752251
S0744,C0744,V0744,D007,2023-04-27,727743
S0745,C0745,V0745,D006,2024-10-03,1172339
S0746,C0746,V0746,D002,2024-01-17,1433496
S0747,C0747,V0747,D007,2023-07-04,1169362
S0748,C0748,V0748,D001,2023-11-18,757002
S0749,C0749,V0749,D008,2023-02-19,1890412
S0750,C0750,V0750,D009,2024-06-17,819851
S0751,C0751,V0751,D005,2024-08-22,2729947
S0752,C0752,V0752,D005,2023-04-22,1436332
S0753,C0753,V0753,D001,2024-07-24,866432
S0754,C0754,V0754,D002,2024-06-06,1484184
S0755,C0755,V0755,D007,2023-01-07,1187297
S0756,C0756,V0756,D002,2023-01-03,1352554
S0757,C0757,V0757,D010,2023-02-13,804176
S0758,C0758,V0758,D010,2024-02-17,2351013
S0759,C0759,V0759,D001,2024-02-19,2769079
S0760,C0760,V0760,D007,2023-02-03,677239
S0761,C0761,V0761,D010,2023-12-25,713172
S0762,C0762,V0762,D001,2023-10-17,1177428
S0763,C0763,V0763,D006,2023-12-04,710033
S0764,C0764,V0764,D005,2023-08-15,716815
S0765,C0765,V0765,D009,2023-11-26,1874135
S0766,C0766,V0766,D004,2024-01-12,1379171
S0767,C0767,V0767,D009,2023-06-14,1331034
S0768,C0768,V0768,D007,2023-10-10,1337809
S0769,C0769,V0769,D005,2024-04-07,2327805
S0770,C0770,V0770,D003,2024-10-08,1137520
S0771,C0771,V0771,D005,2023-09-08,1885955
S0772,C0772,V0772,D010,2023-08-19,1355967
S0773,C0773,V0773,D010,2024-09-07,1487388
S0774,C0774,V0774,D009,2023-11-07,674387
S0775,C0775,V0775,D003,2024-08-30,2764304
S0776,C0776,V0776,D001,2024-03-30,2338985
S0777,C0777,V0777,D008,2024-08-07,1472059
S0778,C0778,V0778,D004,2024-01-04,842338
S0779,C0779,V0779,D004,2023-07-31,858940
S0780,C0780,V0780,D007,2023-12-08,2334680
S0781,C0781,V0781,D008,2023-06-01,801217
S0782,C0782,V0782,D010,2023-04-30,745373
S0783,C0783,V0783,D003,2023-07-15,1360184
S0784,C0784,V0784,D006,2023-08-24,1393443
S0785,C0785,V0785,D008,2024-06-29,1127700
S0786,C0786,V0786,D005,2024-04-09,1184784
S0787,C0787,V0787,D010,2024-09-02,2335140
S0788,C0788,V0788,D006,2024-06-03,799289
S0789,C0789,V0789,D009,2024-08-25,1841370
S0790,C0790,V0790,D010,2023-07-02,1453985
S0791,C0791,V0791,D009,2024-04-14,706903
S0792,C0792,V0792,D007,2024-10-12,1190781
S0793,C0793,V0793,D001,2023-08-10,866102
S0794,C0794,V0794,D006,2024-01-05,1892640
S0795,C0795,V0795,D009,2023-05-22,677286
S0796,C0796,V0796,D007,2023-11-18,848669
S0797,C0797,V0797,D010,2024-01-16,1460810
S0798,C0798,V0798,D003,2024-03-09,1349834
S0799,C0799,V0799,D009,2024-04-07,1460457
S0800,C0800,V0800,D001,2024-09-09,889397
S0801,C0801,V0801,D009,2023-10-15,833819
S0802,C0802,V0802,D004,2024-10-20,1878633
S0803,C0803,V0803,D008,2023-10-05,825761
S0804,C0804,V0804,D007,2023-02-19,1194308
S0805,C0805,V0805,D004,2023-03-19,837714
S0806,C0806,V0806,D007,2023-07-31,836687
S0807,C0807,V0807,D001,2024-04-22,713607
S0808,C0808,V0808,D005,2024-10-22,2353003
S0809,C0809,V0809,D006,2024-05-07,790516
S0810,C0810,V0810,D005,2023-01-06,1485453
S0811,C0811,V0811,D004,2023-09-07,1886600
S0812,C0812,V0812,D004,2024-12-08,1362443
S0813,C0813,V0813,D003,2024-06-15,1460911
S0814,C0814,V0814,D003,2024-07-28,1454693
S0815,C0815,V0815,D009,2023-08-13,1857311
S0816,C0816,V0816,D003,2024-04-09,652313
S0817,C0817,V0817,D009,2023-01-10,2769779
S0818,C0818,V0818,D009,2023-08-16,675315
S0819,C0819,V0819,D010,2024-10-26,859837
S0820,C0820,V0820,D009,2023-07-16,861200
S0821,C0821,V0821,D001,2023-12-27,669742
S0822,C0822,V0822,D001,2023-11-03,1183172
S0823,C0823,V0823,D006,2024-03-17,2760416
S0824,C0824,V0824,D006,2024-08-07,714673
S0825,C0825,V0825,D010,2024-06-16,1373308
S0826,C0826,V0826,D010,2023-06-02,2355295
S0827,C0827,V0827,D010,2024-11-18,663541
S0828,C0828,V0828,D005,2023-12-13,1177942
S0829,C0829,V0829,D009,2023-01-15,1432633
S0830,C0830,V0830,D003,2024-06-28,1870718
S0831,C0831,V0831,D001,2023-05-28,2782550
S0832,C0832,V0832,D005,2023-05-04,2779829
S0833,C0833,V0833,D003,2024-07-03,2762155
S0834,C0834,V0834,D010,2024-09-28,2346222
S0835,C0835,V0835,D004,2024-05-02,882967
S0836,C0836,V0836,D004,2023-10-24,1326523
S0837,C0837,V0837,D003,2023-03-04,1330203
S0838,C0838,V0838,D008,2023-07-27,858404
S0839,C0839,V0839,D004,2024-10-28,1487176
S0840,C0840,V0840,D008,2024-03-13,813455
S0841,C0841,V0841,D010,2024-10-27,2388112
S0842,C0842,V0842,D005,2023-03-15,2786663
S0843,C0843,V0843,D001,2023-08-03,825013
S0844,C0844,V0844,D006,2023-01-20,831258
S0845,C0845,V0845,D002,2024-03-03,765139
S0846,C0846,V0846,D006,2023-05-20,1146312
S0847,C0847,V0847,D008,2024-01-29,1346163
S0848,C0848,V0848,D008,2023-07-19,1835816
S0849,C0849,V0849,D009,2024-01-06,1427124
S0850,C0850,V0850,D008,2024-02-05,2354016
S0851,C0851,V0851,D010,2023-02-03,744210
S0852,C0852,V0852,D005,2024-10-11,1357685
S0853,C0853,V0853,D006,2023-10-22,2334866
S0854,C0854,V0854,D004,2024-06-13,2348958
S0855,C0855,V0855,D003,2024-10-30,798942
S0856,C0856,V0856,D002,2024-12-13,831205
S0857,C0857,V0857,D007,2023-09-12,2733421
S0858,C0858,V0858,D009,2023-09-04,722339
S0859,C0859,V0859,D004,2023-12-06,2347559
S0860,C0860,V0860,D007,2023-08-13,658125
S0861,C0861,V0861,D002,2024-05-14,2325016
S0862,C0862,V0862,D006,2023-04-16,1440375
S0863,C0863,V0863,D004,2023-06-03,1335644
S0864,C0864,V0864,D004,2023-08-26,1160161
S0865,C0865,V0865,D009,2024-05-10,805060
S0866,C0866,V0866,D003,2023-09-15,1455312
S0867,C0867,V0867,D008,2023-11-16,749653
S0868,C0868,V0868,D006,2023-11-17,824374
S0869,C0869,V0869,D004,2024-10-21,2355571
S0870,C0870,V0870,D006,2023-02-17,761714
S0871,C0871,V0871,D003,2024-07-20,687618
S0872,C0872,V0872,D007,2024-04-04,698403
S0873,C0873,V0873,D004,2023-02-06,2774030
S0874,C0874,V0874,D007,2024-01-27,1156708
S0875,C0875,V0875,D008,2024-10-30,748542
S0876,C0876,V0876,D006,2024-11-12,2365383
S0877,C0877,V0877,D003,2023-09-10,1345395
S0878,C0878,V0878,D006,2023-02-17,1148763
S0879,C0879,V0879,D010,2024-04-10,2376976
S0880,C0880,V0880,D010,2024-06-04,1475772
S0881,C0881,V0881,D006,2023-01-26,707043
S0882,C0882,V0882,D003,2023-03-13,1875182
S0883,C0883,V0883,D005,2023-10-22,1840041
S0884,C0884,V0884,D002,2024-03-06,2348290
S0885,C0885,V0885,D008,2024-09-02,2393280
S0886,C0886,V0886,D010,2023-06-25,1881532
S0887,C0887,V0887,D007,2024-08-09,1461974
S0888,C0888,V0888,D009,2024-08-01,885544
S0889,C0889,V0889,D008,2024-05-21,689418
S0890,C0890,V0890,D001,2023-02-04,813106
S0891,C0891,V0891,D008,2024-02-07,1447295
S0892,C0892,V0892,D006,2024-09-28,1331208
S0893,C0893,V0893,D010,2023-06-03,2330083
S0894,C0894,V0894,D008,2024-11-18,2339740
S0895,C0895,V0895,D001,2024-01-08,1345480
S0896,C0896,V0896,D006,2023-11-19,1137759
S0897,C0897,V0897,D004,2023-06-19,1840608
S0898,C0898,V0898,D002,2024-08-19,859793
S0899,C0899,V0899,D010,2024-06-11,668508
S0900,C0900,V0900,D009,2023-08-23,667106
S0901,C0901,V0901,D002,2024-12-07,836694
S0902,C0902,V0902,D001,2023-12-06,1430676
S0903,C0903,V0903,D006,2023-02-28,1431070
S0904,C0904,V0904,D005,2023-11-03,706330
S0905,C0905,V0905,D006,2023-10-26,2356048
S0906,C0906,V0906,D008,2024-03-08,1371332
S0907,C0907,V0907,D001,2023-09-11,1482526
S0908,C0908,V0908,D001,2023-05-04,1456165
S0909,C0909,V0909,D007,2023-08-31,742651
S0910,C0910,V0910,D003,2023-07-01,855465
S0911,C0911,V0911,D001,2024-01-25,1874681
S0912,C0912,V0912,D008,2024-06-22,2356288
S0913,C0913,V0913,D010,2024-02-04,1494238
S0914,C0914,V0914,D001,2023-10-27,796683
S0915,C0915,V0915,D003,2024-01-07,1830523
S0916,C0916,V0916,D004,2023-09-26,881405
S0917,C0917,V0917,D006,2024-09-30,656374
S0918,C0918,V0918,D007,2023-06-22,2747383
S0919,C0919,V0919,D002,2023-12-15,780502
S0920,C0920,V0920,D005,2023-01-15,1143404
S0921,C0921,V0921,D006,2023-12-26,1146818
S0922,C0922,V0922,D005,2024-11-09,713263
S0923,C0923,V0923,D004,2024-10-07,1339322
S0924,C0924,V0924,D001,2024-02-27,821121
S0925,C0925,V0925,D006,2024-01-10,2755481
S0926,C0926,V0926,D002,2024-05-05,1881592
S0927,C0927,V0927,D003,2023-10-19,1448056
S0928,C0928,V0928,D004,2023-05-11,2344462
S0929,C0929,V0929,D002,2024-10-03,854074
S0930,C0930,V0930,D007,2024-01-13,1344347
S0931,C0931,V0931,D006,2023-05-07,1868560
S0932,C0932,V0932,D004,2023-04-02,1137194
S0933,C0933,V0933,D008,2024-07-19,1358894
S0934,C0934,V0934,D004,2024-10-02,814871
S0935,C0935,V0935,D002,2023-11-06,888250
S0936,C0936,V0936,D001,2024-03-31,1125282
S0937,C0937,V0937,D008,2023-06-22,2361957
S0938,C0938,V0938,D001,2024-06-26,2779216
S0939,C0939,V0939,D010,2023-09-01,748436
S0940,C0940,V0940,D006,2024-01-06,2361313
S0941,C0941,V0941,D003,2023-06-05,1483098
S0942,C0942,V0942,D005,2023-07-05,690602
S0943,C0943,V0943,D002,2024-02-21,1451676
S0944,C0944,V0944,D006,2023-10-12,2378786
S0945,C0945,V0945,D005,2024-11-29,813158
S0946,C0946,V0946,D007,2024-01-23,2725503
S0947,C0947,V0947,D004,2024-09-04,1850152
S0948,C0948,V0948,D005,2024-10-30,879071
S0949,C0949,V0949,D006,2024-03-15,2762199
S0950,C0950,V0950,D009,2024-11-05,1387509
S0951,C0951,V0951,D008,2023-11-12,1866824
S0952,C0952,V0952,D009,2023-11-09,1346494
S0953,C0953,V0953,D010,2024-03-18,1364387
S0954,C0954,V0954,D007,2024-09-06,1476282
S0955,C0955,V0955,D001,2024-09-23,1163402
S0956,C0956,V0956,D002,2024-11-21,1861419
S0957,C0957,V0957,D001,2023-07-22,708834
S0958,C0958,V0958,D003,2023-10-18,823475
S0959,C0959,V0959,D007,2024-07-29,793562
S0960,C0960,V0960,D005,2023-03-19,2757105
S0961,C0961,V0961,D001,2023-01-04,843844
S0962,C0962,V0962,D007,2023-01-03,1335046
S0963,C0963,V0963,D009,2023-10-08,1184131
S0964,C0964,V0964,D003,2023-04-05,856844
S0965,C0965,V0965,D007,2023-02-15,683839
S0966,C0966,V0966,D008,2023-05-16,1433810
S0967,C0967,V0967,D001,2024-02-17,846336
S0968,C0968,V0968,D004,2023-12-21,2772756
S0969,C0969,V0969,D010,2023-10-09,769088
S0970,C0970,V0970,D009,2024-12-19,742838
S0971,C0971,V0971,D001,2024-10-15,882421
S0972,C0972,V0972,D009,2024-10-14,708049
S0973,C0973,V0973,D008,2023-09-26,2335327
S0974,C0974,V0974,D009,2024-02-06,842008
S0975,C0975,V0975,D007,2023-07-24,716911
S0976,C0976,V0976,D003,2023-03-11,1882962
S0977,C0977,V0977,D005,2024-04-09,745595
S0978,C0978,V0978,D002,2024-04-28,1433133
S0979,C0979,V0979,D006,2023-03-23,808143
S0980,C0980,V0980,D005,2023-02-16,701592
S0981,C0981,V0981,D003,2023-01-18,2749094
S0982,C0982,V0982,D009,2023-05-23,765211
S0983,C0983,V0983,D002,2024-08-15,1390084
S0984,C0984,V0984,D003,2023-02-26,1133600
S0985,C0985,V0985,D010,2024-11-30,2729293
S0986,C0986,V0986,D003,2024-01-14,2392195
S0987,C0987,V0987,D001,2024-09-30,2787039
S0988,C0988,V0988,D006,2023-05-14,715431
S0989,C0989,V0989,D002,2023-03-31,1338281
S0990,C0990,V0990,D010,2023-08-05,1169846
S0991,C0991,V0991,D003,2024-10-02,1146110
S0992,C0992,V0992,D008,2023-01-08,1845553
S0993,C0993,V0993,D010,2024-01-28,844039
S0994,C0994,V0994,D003,2024-07-31,861867
S0995,C0995,V0995,D003,2023-10-15,712776
S0996,C0996,V0996,D003,2023-03-23,877264
S0997,C0997,V0997,D001,2023-08-31,2762412
S0998,C0998,V0998,D002,2024-05-29,830184
S0999,C0999,V0999,D003,2023-07-11,828890
S1000,C1000,V1000,D009,2024-09-25,850713
