part_id,service_id,part_name,part_cost
P0001,SR0001,Air Filter,712
P0002,SR0002,Engine Oil,1877
P0003,SR0003,Air Filter,4767
P0004,SR0004,Brake Pads,4427
P0005,SR0005,Oil Filter,2467
P0006,SR0006,Spark Plug,5036
P0007,SR0007,Coolant,329
P0008,SR0008,Air Filter,3348
P0009,SR0009,Engine Oil,4406
P0010,SR0010,Oil Filter,3362
P0011,SR0011,Air Filter,3862
P0012,SR0012,Oil Filter,3499
P0013,SR0013,Spark Plug,615
P0014,SR0014,Battery,1254
P0015,SR0015,Battery,1647
P0016,SR0016,Oil Filter,4259
P0017,SR0017,Wiper Blade,3532
P0018,SR0018,Brake Pads,5034
P0019,SR0019,Wiper Blade,4640
P0020,SR0020,Battery,4727
P0021,SR0021,Battery,3633
P0022,SR0022,Oil Filter,3083
P0023,SR0023,Brake Pads,655
P0024,SR0024,Battery,4446
P0025,SR0025,Brake Pads,3126
P0026,SR0026,Battery,2782
P0027,SR0027,Brake Pads,1679
P0028,SR0028,Air Filter,4959
P0029,SR0029,Engine Oil,746
P0030,SR0030,Oil Filter,4740
P0031,SR0031,Wiper Blade,1122
P0032,SR0032,Air Filter,3871
P0033,SR0033,Spark Plug,2672
P0034,SR0034,Coolant,3040
P0035,SR0035,Coolant,3013
P0036,SR0036,Brake Pads,5579
P0037,SR0037,Spark Plug,1020
P0038,SR0038,Spark Plug,2048
P0039,SR0039,Coolant,2056
P0040,SR0040,Brake Pads,1536
P0041,SR0041,Air Filter,1145
P0042,SR0042,Oil Filter,3540
P0043,SR0043,Engine Oil,907
P0044,SR0044,Engine Oil,872
P0045,SR0045,Battery,4385
P0046,SR0046,Brake Pads,4478
P0047,SR0047,Air Filter,627
P0048,SR0048,Battery,5943
P0049,SR0049,Air Filter,1261
P0050,SR0050,Oil Filter,859
P0051,SR0051,Spark Plug,4947
P0052,SR0052,Spark Plug,1389
P0053,SR0053,Spark Plug,5802
P0054,SR0054,Spark Plug,614
P0055,SR0055,Brake Pads,2933
P0056,SR0056,Wiper Blade,2404
P0057,SR0057,Oil Filter,5307
P0058,SR0058,Battery,1945
P0059,SR0059,Engine Oil,464
P0060,SR0060,Spark Plug,5750
P0061,SR0061,Engine Oil,3414
P0062,SR0062,Brake Pads,2208
P0063,SR0063,Battery,2240
P0064,SR0064,Engine Oil,2208
P0065,SR0065,Coolant,5215
P0066,SR0066,Brake Pads,4353
P0067,SR0067,Coolant,2414
P0068,SR0068,Coolant,5212
P0069,SR0069,Coolant,3466
P0070,SR0070,Battery,2395
P0071,SR0071,Wiper Blade,5990
P0072,SR0072,Coolant,5989
P0073,SR0073,Engine Oil,2833
P0074,SR0074,Air Filter,2512
P0075,SR0075,Spark Plug,1107
P0076,SR0076,Brake Pads,3104
P0077,SR0077,Battery,2326
P0078,SR0078,Wiper Blade,1784
P0079,SR0079,Brake Pads,5495
P0080,SR0080,Oil Filter,557
P0081,SR0081,Oil Filter,3187
P0082,SR0082,Battery,3788
P0083,SR0083,Spark Plug,5622
P0084,SR0084,Coolant,5845
P0085,SR0085,Battery,5600
P0086,SR0086,Coolant,3384
P0087,SR0087,Air Filter,3171
P0088,SR0088,Wiper Blade,2784
P0089,SR0089,Oil Filter,5090
P0090,SR0090,Oil Filter,5291
P0091,SR0091,Coolant,4653
P0092,SR0092,Oil Filter,4473
P0093,SR0093,Oil Filter,3342
P0094,SR0094,Oil Filter,1256
P0095,SR0095,Brake Pads,2207
P0096,SR0096,Spark Plug,3219
P0097,SR0097,Brake Pads,2257
P0098,SR0098,Brake Pads,1780
P0099,SR0099,Coolant,897
P0100,SR0100,Engine Oil,3907
P0101,SR0101,Brake Pads,5449
P0102,SR0102,Spark Plug,5430
P0103,SR0103,Battery,1580
P0104,SR0104,Engine Oil,4194
P0105,SR0105,Brake Pads,3804
P0106,SR0106,Oil Filter,4694
P0107,SR0107,Battery,2099
P0108,SR0108,Brake Pads,1828
P0109,SR0109,Engine Oil,4865
P0110,SR0110,Oil Filter,1951
P0111,SR0111,Air Filter,4609
P0112,SR0112,Wiper Blade,1991
P0113,SR0113,Spark Plug,5842
P0114,SR0114,Brake Pads,659
P0115,SR0115,Wiper Blade,2023
P0116,SR0116,Air Filter,4638
P0117,SR0117,Engine Oil,2293
P0118,SR0118,Engine Oil,3009
P0119,SR0119,Spark Plug,1423
P0120,SR0120,Brake Pads,587
P0121,SR0121,Spark Plug,3224
P0122,SR0122,Battery,1879
P0123,SR0123,Brake Pads,5248
P0124,SR0124,Air Filter,1222
P0125,SR0125,Wiper Blade,1562
P0126,SR0126,Engine Oil,5430
P0127,SR0127,Air Filter,3182
P0128,SR0128,Engine Oil,3293
P0129,SR0129,Coolant,4505
P0130,SR0130,Spark Plug,3358
P0131,SR0131,Engine Oil,806
P0132,SR0132,Engine Oil,3080
P0133,SR0133,Brake Pads,706
P0134,SR0134,Spark Plug,1370
P0135,SR0135,Battery,3819
P0136,SR0136,Air Filter,3156
P0137,SR0137,Spark Plug,4700
P0138,SR0138,Air Filter,552
P0139,SR0139,Air Filter,3739
P0140,SR0140,Spark Plug,4734
P0141,SR0141,Spark Plug,5054
P0142,SR0142,Coolant,3141
P0143,SR0143,Oil Filter,854
P0144,SR0144,Brake Pads,5841
P0145,SR0145,Oil Filter,4908
P0146,SR0146,Engine Oil,4151
P0147,SR0147,Engine Oil,4531
P0148,SR0148,Battery,5424
P0149,SR0149,Battery,4413
P0150,SR0150,Spark Plug,4633
P0151,SR0151,Coolant,2567
P0152,SR0152,Engine Oil,1192
P0153,SR0153,Oil Filter,3905
P0154,SR0154,Battery,1427
P0155,SR0155,Engine Oil,2573
P0156,SR0156,Air Filter,1109
P0157,SR0157,Brake Pads,5365
P0158,SR0158,Battery,2690
P0159,SR0159,Brake Pads,4747
P0160,SR0160,Brake Pads,982
P0161,SR0161,Battery,5068
P0162,SR0162,Spark Plug,4420
P0163,SR0163,Brake Pads,5383
P0164,SR0164,Brake Pads,2152
P0165,SR0165,Oil Filter,3620
P0166,SR0166,Battery,4854
P0167,SR0167,Battery,4577
P0168,SR0168,Battery,3174
P0169,SR0169,Coolant,3308
P0170,SR0170,Coolant,1451
P0171,SR0171,Brake Pads,848
P0172,SR0172,Wiper Blade,1119
P0173,SR0173,Oil Filter,2738
P0174,SR0174,Coolant,5517
P0175,SR0175,Spark Plug,3364
P0176,SR0176,Spark Plug,492
P0177,SR0177,Wiper Blade,4662
P0178,SR0178,Wiper Blade,1100
P0179,SR0179,Wiper Blade,1665
P0180,SR0180,Coolant,2816
P0181,SR0181,Spark Plug,562
P0182,SR0182,Spark Plug,4383
P0183,SR0183,Engine Oil,5892
P0184,SR0184,Coolant,5842
P0185,SR0185,Battery,2222
P0186,SR0186,Battery,2622
P0187,SR0187,Wiper Blade,5256
P0188,SR0188,Engine Oil,1248
P0189,SR0189,Battery,5211
P0190,SR0190,Battery,5504
P0191,SR0191,Air Filter,2437
P0192,SR0192,Oil Filter,392
P0193,SR0193,Spark Plug,2889
P0194,SR0194,Brake Pads,1146
P0195,SR0195,Wiper Blade,1154
P0196,SR0196,Oil Filter,1903
P0197,SR0197,Brake Pads,347
P0198,SR0198,Coolant,5642
P0199,SR0199,Spark Plug,4287
P0200,SR0200,Air Filter,1934
P0201,SR0201,Spark Plug,1545
P0202,SR0202,Spark Plug,2950
P0203,SR0203,Spark Plug,2809
P0204,SR0204,Oil Filter,3745
P0205,SR0205,Spark Plug,3383
P0206,SR0206,Engine Oil,2368
P0207,SR0207,Battery,5226
P0208,SR0208,Battery,772
P0209,SR0209,Oil Filter,4602
P0210,SR0210,Spark Plug,5544
P0211,SR0211,Coolant,2196
P0212,SR0212,Air Filter,5938
P0213,SR0213,Spark Plug,5999
P0214,SR0214,Engine Oil,3701
P0215,SR0215,Battery,4800
P0216,SR0216,Brake Pads,4661
P0217,SR0217,Battery,3742
P0218,SR0218,Battery,1122
P0219,SR0219,Battery,5024
P0220,SR0220,Wiper Blade,1183
P0221,SR0221,Battery,4436
P0222,SR0222,Coolant,5756
P0223,SR0223,Brake Pads,2530
P0224,SR0224,Spark Plug,4218
P0225,SR0225,Brake Pads,4712
P0226,SR0226,Spark Plug,4669
P0227,SR0227,Brake Pads,4193
P0228,SR0228,Oil Filter,801
P0229,SR0229,Coolant,5060
P0230,SR0230,Oil Filter,4317
P0231,SR0231,Spark Plug,1752
P0232,SR0232,Wiper Blade,759
P0233,SR0233,Battery,755
P0234,SR0234,Brake Pads,2202
P0235,SR0235,Brake Pads,1700
P0236,SR0236,Battery,2312
P0237,SR0237,Air Filter,2557
P0238,SR0238,Air Filter,5961
P0239,SR0239,Brake Pads,1652
P0240,SR0240,Spark Plug,3296
P0241,SR0241,Coolant,458
P0242,SR0242,Coolant,3680
P0243,SR0243,Spark Plug,1786
P0244,SR0244,Air Filter,1305
P0245,SR0245,Wiper Blade,2467
P0246,SR0246,Battery,3372
P0247,SR0247,Spark Plug,553
P0248,SR0248,Spark Plug,2681
P0249,SR0249,Coolant,4993
P0250,SR0250,Coolant,3910
P0251,SR0251,Wiper Blade,1526
P0252,SR0252,Battery,3986
P0253,SR0253,Oil Filter,4464
P0254,SR0254,Brake Pads,5037
P0255,SR0255,Spark Plug,1920
P0256,SR0256,Oil Filter,5067
P0257,SR0257,Oil Filter,1148
P0258,SR0258,Wiper Blade,2174
P0259,SR0259,Engine Oil,2027
P0260,SR0260,Oil Filter,5863
P0261,SR0261,Air Filter,3342
P0262,SR0262,Oil Filter,2133
P0263,SR0263,Wiper Blade,4154
P0264,SR0264,Spark Plug,4985
P0265,SR0265,Coolant,5443
P0266,SR0266,Air Filter,1283
P0267,SR0267,Air Filter,897
P0268,SR0268,Oil Filter,3169
P0269,SR0269,Spark Plug,2648
P0270,SR0270,Oil Filter,2633
P0271,SR0271,Wiper Blade,1691
P0272,SR0272,Engine Oil,4688
P0273,SR0273,Wiper Blade,3002
P0274,SR0274,Brake Pads,2662
P0275,SR0275,Wiper Blade,5237
P0276,SR0276,Coolant,1318
P0277,SR0277,Oil Filter,2859
P0278,SR0278,Oil Filter,456
P0279,SR0279,Oil Filter,1988
P0280,SR0280,Air Filter,3153
P0281,SR0281,Brake Pads,4023
P0282,SR0282,Battery,547
P0283,SR0283,Air Filter,518
P0284,SR0284,Engine Oil,5287
P0285,SR0285,Engine Oil,2872
P0286,SR0286,Wiper Blade,3599
P0287,SR0287,Spark Plug,2517
P0288,SR0288,Oil Filter,1517
P0289,SR0289,Wiper Blade,3055
P0290,SR0290,Engine Oil,1114
P0291,SR0291,Spark Plug,1911
P0292,SR0292,Air Filter,3786
P0293,SR0293,Spark Plug,4130
P0294,SR0294,Coolant,5989
P0295,SR0295,Coolant,4848
P0296,SR0296,Oil Filter,4203
P0297,SR0297,Wiper Blade,3194
P0298,SR0298,Battery,5662
P0299,SR0299,Coolant,4961
P0300,SR0300,Coolant,4889
P0301,SR0301,Coolant,5445
P0302,SR0302,Air Filter,1070
P0303,SR0303,Engine Oil,2699
P0304,SR0304,Oil Filter,5810
P0305,SR0305,Oil Filter,2551
P0306,SR0306,Battery,4470
P0307,SR0307,Coolant,1991
P0308,SR0308,Oil Filter,1810
P0309,SR0309,Brake Pads,2509
P0310,SR0310,Engine Oil,2545
P0311,SR0311,Oil Filter,3672
P0312,SR0312,Engine Oil,3941
P0313,SR0313,Engine Oil,1247
P0314,SR0314,Engine Oil,5611
P0315,SR0315,Battery,2050
P0316,SR0316,Wiper Blade,5576
P0317,SR0317,Engine Oil,4762
P0318,SR0318,Spark Plug,2666
P0319,SR0319,Wiper Blade,720
P0320,SR0320,Engine Oil,4263
P0321,SR0321,Battery,1560
P0322,SR0322,Air Filter,741
P0323,SR0323,Coolant,4248
P0324,SR0324,Battery,2881
P0325,SR0325,Battery,5165
P0326,SR0326,Coolant,1487
P0327,SR0327,Engine Oil,864
P0328,SR0328,Wiper Blade,5926
P0329,SR0329,Brake Pads,3796
P0330,SR0330,Oil Filter,5526
P0331,SR0331,Brake Pads,624
P0332,SR0332,Coolant,2576
P0333,SR0333,Battery,2156
P0334,SR0334,Battery,5243
P0335,SR0335,Brake Pads,3055
P0336,SR0336,Spark Plug,723
P0337,SR0337,Brake Pads,2382
P0338,SR0338,Air Filter,4928
P0339,SR0339,Air Filter,1675
P0340,SR0340,Battery,1712
P0341,SR0341,Coolant,4160
P0342,SR0342,Coolant,841
P0343,SR0343,Engine Oil,5299
P0344,SR0344,Engine Oil,4597
P0345,SR0345,Brake Pads,1860
P0346,SR0346,Spark Plug,2311
P0347,SR0347,Spark Plug,1882
P0348,SR0348,Engine Oil,973
P0349,SR0349,Spark Plug,640
P0350,SR0350,Brake Pads,4359
P0351,SR0351,Engine Oil,627
P0352,SR0352,Spark Plug,1416
P0353,SR0353,Brake Pads,3612
P0354,SR0354,Air Filter,4134
P0355,SR0355,Wiper Blade,679
P0356,SR0356,Brake Pads,369
P0357,SR0357,Wiper Blade,1348
P0358,SR0358,Air Filter,4382
P0359,SR0359,Engine Oil,4837
P0360,SR0360,Coolant,440
P0361,SR0361,Wiper Blade,4020
P0362,SR0362,Wiper Blade,4374
P0363,SR0363,Engine Oil,3283
P0364,SR0364,Coolant,5361
P0365,SR0365,Battery,1921
P0366,SR0366,Oil Filter,4868
P0367,SR0367,Wiper Blade,1048
P0368,SR0368,Coolant,4634
P0369,SR0369,Spark Plug,5925
P0370,SR0370,Engine Oil,3559
P0371,SR0371,Wiper Blade,4917
P0372,SR0372,Coolant,703
P0373,SR0373,Oil Filter,5657
P0374,SR0374,Air Filter,2755
P0375,SR0375,Battery,4798
P0376,SR0376,Battery,1537
P0377,SR0377,Coolant,2899
P0378,SR0378,Battery,4660
P0379,SR0379,Oil Filter,3820
P0380,SR0380,Air Filter,5672
P0381,SR0381,Wiper Blade,581
P0382,SR0382,Oil Filter,2900
P0383,SR0383,Oil Filter,2385
P0384,SR0384,Coolant,871
P0385,SR0385,Battery,4998
P0386,SR0386,Coolant,2421
P0387,SR0387,Spark Plug,742
P0388,SR0388,Coolant,3184
P0389,SR0389,Battery,2324
P0390,SR0390,Oil Filter,1929
P0391,SR0391,Oil Filter,5945
P0392,SR0392,Air Filter,3587
P0393,SR0393,Air Filter,1419
P0394,SR0394,Battery,3282
P0395,SR0395,Engine Oil,4608
P0396,SR0396,Wiper Blade,3205
P0397,SR0397,Wiper Blade,5214
P0398,SR0398,Battery,457
P0399,SR0399,Wiper Blade,3797
P0400,SR0400,Engine Oil,5976
P0401,SR0401,Air Filter,2047
P0402,SR0402,Air Filter,1824
P0403,SR0403,Oil Filter,3835
P0404,SR0404,Engine Oil,4570
P0405,SR0405,Spark Plug,4677
P0406,SR0406,Wiper Blade,938
P0407,SR0407,Spark Plug,4174
P0408,SR0408,Spark Plug,5862
P0409,SR0409,Battery,640
P0410,SR0410,Wiper Blade,2753
P0411,SR0411,Battery,3015
P0412,SR0412,Spark Plug,2616
P0413,SR0413,Wiper Blade,5411
P0414,SR0414,Spark Plug,739
P0415,SR0415,Coolant,4088
P0416,SR0416,Brake Pads,4920
P0417,SR0417,Air Filter,1399
P0418,SR0418,Spark Plug,5284
P0419,SR0419,Oil Filter,3496
P0420,SR0420,Battery,5211
P0421,SR0421,Spark Plug,2429
P0422,SR0422,Coolant,1691
P0423,SR0423,Spark Plug,2416
P0424,SR0424,Engine Oil,3479
P0425,SR0425,Spark Plug,5437
P0426,SR0426,Air Filter,3665
P0427,SR0427,Oil Filter,2223
P0428,SR0428,Brake Pads,2753
P0429,SR0429,Battery,1991
P0430,SR0430,Coolant,2619
P0431,SR0431,Battery,2230
P0432,SR0432,Brake Pads,1880
P0433,SR0433,Spark Plug,478
P0434,SR0434,Wiper Blade,3997
P0435,SR0435,Spark Plug,3714
P0436,SR0436,Battery,1615
P0437,SR0437,Spark Plug,3222
P0438,SR0438,Spark Plug,4887
P0439,SR0439,Air Filter,3546
P0440,SR0440,Air Filter,3076
P0441,SR0441,Battery,5056
P0442,SR0442,Brake Pads,4020
P0443,SR0443,Engine Oil,3375
P0444,SR0444,Air Filter,5519
P0445,SR0445,Battery,1526
P0446,SR0446,Air Filter,2348
P0447,SR0447,Oil Filter,880
P0448,SR0448,Wiper Blade,5950
P0449,SR0449,Air Filter,2550
P0450,SR0450,Spark Plug,3383
P0451,SR0451,Spark Plug,637
P0452,SR0452,Wiper Blade,3417
P0453,SR0453,Oil Filter,788
P0454,SR0454,Wiper Blade,4054
P0455,SR0455,Wiper Blade,3842
P0456,SR0456,Engine Oil,4199
P0457,SR0457,Spark Plug,646
P0458,SR0458,Coolant,470
P0459,SR0459,Coolant,329
P0460,SR0460,Oil Filter,1377
P0461,SR0461,Coolant,3623
P0462,SR0462,Wiper Blade,2087
P0463,SR0463,Engine Oil,1767
P0464,SR0464,Oil Filter,2423
P0465,SR0465,Brake Pads,1823
P0466,SR0466,Wiper Blade,3478
P0467,SR0467,Coolant,5345
P0468,SR0468,Battery,3303
P0469,SR0469,Oil Filter,3740
P0470,SR0470,Oil Filter,2599
P0471,SR0471,Spark Plug,4062
P0472,SR0472,Coolant,2417
P0473,SR0473,Air Filter,5545
P0474,SR0474,Spark Plug,4235
P0475,SR0475,Engine Oil,4398
P0476,SR0476,Engine Oil,3068
P0477,SR0477,Spark Plug,2443
P0478,SR0478,Engine Oil,3777
P0479,SR0479,Air Filter,2548
P0480,SR0480,Spark Plug,1235
P0481,SR0481,Engine Oil,1817
P0482,SR0482,Engine Oil,3606
P0483,SR0483,Battery,4109
P0484,SR0484,Coolant,583
P0485,SR0485,Engine Oil,3375
P0486,SR0486,Brake Pads,5744
P0487,SR0487,Spark Plug,713
P0488,SR0488,Coolant,5855
P0489,SR0489,Spark Plug,4942
P0490,SR0490,Battery,3542
P0491,SR0491,Battery,467
P0492,SR0492,Oil Filter,2234
P0493,SR0493,Oil Filter,1621
P0494,SR0494,Spark Plug,762
P0495,SR0495,Wiper Blade,3843
P0496,SR0496,Coolant,5550
P0497,SR0497,Oil Filter,1709
P0498,SR0498,Spark Plug,3246
P0499,SR0499,Battery,5016
P0500,SR0500,Brake Pads,5731
P0501,SR0501,Oil Filter,5675
P0502,SR0502,Battery,1919
P0503,SR0503,Brake Pads,830
P0504,SR0504,Coolant,2747
P0505,SR0505,Wiper Blade,3922
P0506,SR0506,Air Filter,3973
P0507,SR0507,Wiper Blade,2317
P0508,SR0508,Battery,4396
P0509,SR0509,Spark Plug,2629
P0510,SR0510,Coolant,305
P0511,SR0511,Brake Pads,4746
P0512,SR0512,Engine Oil,4312
P0513,SR0513,Wiper Blade,3408
P0514,SR0514,Wiper Blade,2457
P0515,SR0515,Wiper Blade,1226
P0516,SR0516,Wiper Blade,3371
P0517,SR0517,Brake Pads,1017
P0518,SR0518,Engine Oil,4071
P0519,SR0519,Spark Plug,2330
P0520,SR0520,Air Filter,4712
P0521,SR0521,Air Filter,314
P0522,SR0522,Engine Oil,950
P0523,SR0523,Air Filter,3800
P0524,SR0524,Wiper Blade,2812
P0525,SR0525,Brake Pads,1889
P0526,SR0526,Oil Filter,3972
P0527,SR0527,Coolant,1266
P0528,SR0528,Engine Oil,5032
P0529,SR0529,Wiper Blade,3131
P0530,SR0530,Engine Oil,1307
P0531,SR0531,Air Filter,2467
P0532,SR0532,Brake Pads,3115
P0533,SR0533,Engine Oil,5605
P0534,SR0534,Engine Oil,4535
P0535,SR0535,Air Filter,1252
P0536,SR0536,Air Filter,5717
P0537,SR0537,Brake Pads,1466
P0538,SR0538,Engine Oil,1253
P0539,SR0539,Wiper Blade,5226
P0540,SR0540,Brake Pads,5531
P0541,SR0541,Brake Pads,735
P0542,SR0542,Oil Filter,3342
P0543,SR0543,Wiper Blade,874
P0544,SR0544,Brake Pads,2437
P0545,SR0545,Battery,5769
P0546,SR0546,Brake Pads,3883
P0547,SR0547,Wiper Blade,3411
P0548,SR0548,Brake Pads,2944
P0549,SR0549,Oil Filter,2984
P0550,SR0550,Battery,2255
P0551,SR0551,Air Filter,4788
P0552,SR0552,Oil Filter,1695
P0553,SR0553,Brake Pads,3635
P0554,SR0554,Coolant,668
P0555,SR0555,Coolant,355
P0556,SR0556,Brake Pads,1845
P0557,SR0557,Spark Plug,1536
P0558,SR0558,Coolant,5190
P0559,SR0559,Air Filter,2517
P0560,SR0560,Engine Oil,2922
P0561,SR0561,Brake Pads,5652
P0562,SR0562,Oil Filter,314
P0563,SR0563,Wiper Blade,4630
P0564,SR0564,Wiper Blade,2985
P0565,SR0565,Brake Pads,4878
P0566,SR0566,Battery,4189
P0567,SR0567,Air Filter,3902
P0568,SR0568,Wiper Blade,931
P0569,SR0569,Spark Plug,5843
P0570,SR0570,Coolant,1629
P0571,SR0571,Battery,1295
P0572,SR0572,Battery,5208
P0573,SR0573,Oil Filter,1487
P0574,SR0574,Oil Filter,3901
P0575,SR0575,Engine Oil,3256
P0576,SR0576,Spark Plug,2090
P0577,SR0577,Air Filter,3245
P0578,SR0578,Engine Oil,5829
P0579,SR0579,Oil Filter,5070
P0580,SR0580,Oil Filter,627
P0581,SR0581,Spark Plug,2497
P0582,SR0582,Brake Pads,4916
P0583,SR0583,Oil Filter,561
P0584,SR0584,Coolant,3315
P0585,SR0585,Air Filter,576
P0586,SR0586,Wiper Blade,4233
P0587,SR0587,Air Filter,3943
P0588,SR0588,Spark Plug,3814
P0589,SR0589,Coolant,3116
P0590,SR0590,Air Filter,2292
P0591,SR0591,Engine Oil,4746
P0592,SR0592,Coolant,1393
P0593,SR0593,Coolant,2223
P0594,SR0594,Oil Filter,5800
P0595,SR0595,Wiper Blade,4842
P0596,SR0596,Brake Pads,1280
P0597,SR0597,Air Filter,5457
P0598,SR0598,Oil Filter,5190
P0599,SR0599,Oil Filter,3019
P0600,SR0600,Battery,3114
P0601,SR0601,Engine Oil,3520
P0602,SR0602,Brake Pads,2671
P0603,SR0603,Spark Plug,2243
P0604,SR0604,Spark Plug,1810
P0605,SR0605,Spark Plug,3507
P0606,SR0606,Coolant,4563
P0607,SR0607,Spark Plug,4096
P0608,SR0608,Brake Pads,2492
P0609,SR0609,Oil Filter,3731
P0610,SR0610,Oil Filter,4230
P0611,SR0611,Engine Oil,1495
P0612,SR0612,Engine Oil,5955
P0613,SR0613,Coolant,4810
P0614,SR0614,Oil Filter,1613
P0615,SR0615,Battery,3980
P0616,SR0616,Wiper Blade,2337
P0617,SR0617,Battery,2099
P0618,SR0618,Battery,3435
P0619,SR0619,Battery,2133
P0620,SR0620,Air Filter,3818
P0621,SR0621,Oil Filter,1018
P0622,SR0622,Oil Filter,3942
P0623,SR0623,Engine Oil,4702
P0624,SR0624,Battery,1370
P0625,SR0625,Oil Filter,495
P0626,SR0626,Oil Filter,2969
P0627,SR0627,Engine Oil,4274
P0628,SR0628,Spark Plug,2232
P0629,SR0629,Wiper Blade,2075
P0630,SR0630,Battery,3252
P0631,SR0631,Battery,1718
P0632,SR0632,Engine Oil,4897
P0633,SR0633,Battery,5482
P0634,SR0634,Air Filter,1456
P0635,SR0635,Battery,2037
P0636,SR0636,Battery,2655
P0637,SR0637,Engine Oil,4383
P0638,SR0638,Spark Plug,1990
P0639,SR0639,Battery,3901
P0640,SR0640,Engine Oil,2624
P0641,SR0641,Oil Filter,1820
P0642,SR0642,Coolant,1795
P0643,SR0643,Oil Filter,406
P0644,SR0644,Spark Plug,2281
P0645,SR0645,Engine Oil,3346
P0646,SR0646,Air Filter,5648
P0647,SR0647,Battery,5710
P0648,SR0648,Engine Oil,4384
P0649,SR0649,Spark Plug,2964
P0650,SR0650,Coolant,3675
P0651,SR0651,Oil Filter,1395
P0652,SR0652,Oil Filter,4375
P0653,SR0653,Oil Filter,5848
P0654,SR0654,Air Filter,1598
P0655,SR0655,Brake Pads,5562
P0656,SR0656,Air Filter,2527
P0657,SR0657,Wiper Blade,3741
P0658,SR0658,Spark Plug,2830
P0659,SR0659,Wiper Blade,3318
P0660,SR0660,Brake Pads,2833
P0661,SR0661,Oil Filter,2290
P0662,SR0662,Wiper Blade,2414
P0663,SR0663,Air Filter,3140
P0664,SR0664,Brake Pads,438
P0665,SR0665,Spark Plug,2238
P0666,SR0666,Oil Filter,4557
P0667,SR0667,Battery,2045
P0668,SR0668,Coolant,2603
P0669,SR0669,Coolant,2551
P0670,SR0670,Engine Oil,4140
P0671,SR0671,Spark Plug,537
P0672,SR0672,Spark Plug,1592
P0673,SR0673,Wiper Blade,3856
P0674,SR0674,Engine Oil,894
P0675,SR0675,Coolant,4844
P0676,SR0676,Engine Oil,3338
P0677,SR0677,Brake Pads,3485
P0678,SR0678,Air Filter,1400
P0679,SR0679,Air Filter,3174
P0680,SR0680,Coolant,5773
P0681,SR0681,Engine Oil,3031
P0682,SR0682,Engine Oil,2653
P0683,SR0683,Wiper Blade,5307
P0684,SR0684,Coolant,1003
P0685,SR0685,Oil Filter,781
P0686,SR0686,Coolant,1709
P0687,SR0687,Engine Oil,4228
P0688,SR0688,Battery,5044
P0689,SR0689,Battery,1277
P0690,SR0690,Coolant,535
P0691,SR0691,Air Filter,5888
P0692,SR0692,Wiper Blade,3439
P0693,SR0693,Coolant,4791
P0694,SR0694,Coolant,1487
P0695,SR0695,Battery,3123
P0696,SR0696,Engine Oil,4788
P0697,SR0697,Coolant,4459
P0698,SR0698,Battery,1516
P0699,SR0699,Wiper Blade,2498
P0700,SR0700,Air Filter,331
P0701,SR0701,Brake Pads,2266
P0702,SR0702,Air Filter,4234
P0703,SR0703,Wiper Blade,1604
P0704,SR0704,Brake Pads,5152
P0705,SR0705,Battery,3661
P0706,SR0706,Oil Filter,3132
P0707,SR0707,Spark Plug,3898
P0708,SR0708,Oil Filter,3046
P0709,SR0709,Spark Plug,5835
P0710,SR0710,Brake Pads,5534
P0711,SR0711,Oil Filter,3902
P0712,SR0712,Coolant,5526
P0713,SR0713,Air Filter,4682
P0714,SR0714,Wiper Blade,3368
P0715,SR0715,Oil Filter,4371
P0716,SR0716,Oil Filter,4918
P0717,SR0717,Oil Filter,4710
P0718,SR0718,Air Filter,590
P0719,SR0719,Battery,5686
P0720,SR0720,Brake Pads,4307
P0721,SR0721,Air Filter,2059
P0722,SR0722,Spark Plug,3799
P0723,SR0723,Brake Pads,2155
P0724,SR0724,Coolant,4748
P0725,SR0725,Engine Oil,3155
P0726,SR0726,Coolant,5445
P0727,SR0727,Air Filter,2606
P0728,SR0728,Oil Filter,1918
P0729,SR0729,Wiper Blade,5170
P0730,SR0730,Brake Pads,2367
P0731,SR0731,Battery,716
P0732,SR0732,Engine Oil,3088
P0733,SR0733,Brake Pads,2580
P0734,SR0734,Air Filter,5265
P0735,SR0735,Spark Plug,3606
P0736,SR0736,Engine Oil,5060
P0737,SR0737,Brake Pads,2391
P0738,SR0738,Engine Oil,3969
P0739,SR0739,Spark Plug,3035
P0740,SR0740,Air Filter,882
P0741,SR0741,Battery,529
P0742,SR0742,Spark Plug,4714
P0743,SR0743,Spark Plug,3880
P0744,SR0744,Spark Plug,5859
P0745,SR0745,Battery,5624
P0746,SR0746,Battery,3600
P0747,SR0747,Engine Oil,2040
P0748,SR0748,Battery,1342
P0749,SR0749,Wiper Blade,303
P0750,SR0750,Brake Pads,4849
P0751,SR0751,Wiper Blade,4494
P0752,SR0752,Brake Pads,780
P0753,SR0753,Oil Filter,2849
P0754,SR0754,Engine Oil,710
P0755,SR0755,Spark Plug,3022
P0756,SR0756,Coolant,3972
P0757,SR0757,Battery,1163
P0758,SR0758,Engine Oil,1337
P0759,SR0759,Spark Plug,3176
P0760,SR0760,Battery,2532
P0761,SR0761,Oil Filter,4587
P0762,SR0762,Air Filter,1747
P0763,SR0763,Wiper Blade,648
P0764,SR0764,Coolant,4918
P0765,SR0765,Spark Plug,927
P0766,SR0766,Wiper Blade,1797
P0767,SR0767,Battery,3295
P0768,SR0768,Wiper Blade,5682
P0769,SR0769,Battery,4946
P0770,SR0770,Engine Oil,5777
P0771,SR0771,Spark Plug,828
P0772,SR0772,Air Filter,592
P0773,SR0773,Engine Oil,4528
P0774,SR0774,Engine Oil,5613
P0775,SR0775,Oil Filter,4545
P0776,SR0776,Brake Pads,3758
P0777,SR0777,Air Filter,616
P0778,SR0778,Wiper Blade,1941
P0779,SR0779,Engine Oil,1849
P0780,SR0780,Brake Pads,2484
P0781,SR0781,Air Filter,1836
P0782,SR0782,Brake Pads,2612
P0783,SR0783,Engine Oil,2680
P0784,SR0784,Wiper Blade,732
P0785,SR0785,Air Filter,3334
P0786,SR0786,Coolant,498
P0787,SR0787,Engine Oil,4599
P0788,SR0788,Engine Oil,4721
P0789,SR0789,Oil Filter,376
P0790,SR0790,Spark Plug,4864
P0791,SR0791,Coolant,4157
P0792,SR0792,Air Filter,4098
P0793,SR0793,Wiper Blade,2350
P0794,SR0794,Wiper Blade,3814
P0795,SR0795,Air Filter,469
P0796,SR0796,Spark Plug,461
P0797,SR0797,Brake Pads,5177
P0798,SR0798,Brake Pads,372
P0799,SR0799,Engine Oil,331
P0800,SR0800,Coolant,1165
P0801,SR0801,Battery,5954
P0802,SR0802,Battery,3024
P0803,SR0803,Engine Oil,5146
P0804,SR0804,Wiper Blade,530
P0805,SR0805,Air Filter,1636
P0806,SR0806,Spark Plug,5706
P0807,SR0807,Spark Plug,380
P0808,SR0808,Oil Filter,5650
P0809,SR0809,Brake Pads,1628
P0810,SR0810,Coolant,5767
P0811,SR0811,Wiper Blade,5344
P0812,SR0812,Wiper Blade,2942
P0813,SR0813,Air Filter,1088
P0814,SR0814,Wiper Blade,1857
P0815,SR0815,Coolant,1796
P0816,SR0816,Engine Oil,3181
P0817,SR0817,Wiper Blade,5670
P0818,SR0818,Brake Pads,5007
P0819,SR0819,Battery,3107
P0820,SR0820,Engine Oil,962
P0821,SR0821,Coolant,3411
P0822,SR0822,Wiper Blade,2880
P0823,SR0823,Brake Pads,5777
P0824,SR0824,Wiper Blade,2151
P0825,SR0825,Battery,1324
P0826,SR0826,Engine Oil,4605
P0827,SR0827,Coolant,3331
P0828,SR0828,Coolant,1142
P0829,SR0829,Spark Plug,2258
P0830,SR0830,Coolant,5356
P0831,SR0831,Wiper Blade,608
P0832,SR0832,Engine Oil,1810
P0833,SR0833,Wiper Blade,756
P0834,SR0834,Wiper Blade,5488
P0835,SR0835,Spark Plug,1132
P0836,SR0836,Coolant,3464
P0837,SR0837,Oil Filter,4745
P0838,SR0838,Wiper Blade,4768
P0839,SR0839,Wiper Blade,2212
P0840,SR0840,Oil Filter,3687
P0841,SR0841,Brake Pads,3100
P0842,SR0842,Oil Filter,5106
P0843,SR0843,Air Filter,1506
P0844,SR0844,Coolant,5988
P0845,SR0845,Air Filter,5447
P0846,SR0846,Spark Plug,2664
P0847,SR0847,Spark Plug,3274
P0848,SR0848,Brake Pads,746
P0849,SR0849,Air Filter,5835
P0850,SR0850,Brake Pads,3660
P0851,SR0851,Oil Filter,2064
P0852,SR0852,Brake Pads,3989
P0853,SR0853,Air Filter,5201
P0854,SR0854,Brake Pads,4053
P0855,SR0855,Oil Filter,3312
P0856,SR0856,Battery,4181
P0857,SR0857,Air Filter,1722
P0858,SR0858,Wiper Blade,3408
P0859,SR0859,Battery,1459
P0860,SR0860,Spark Plug,2619
P0861,SR0861,Battery,1886
P0862,SR0862,Coolant,5424
P0863,SR0863,Air Filter,447
P0864,SR0864,Air Filter,4870
P0865,SR0865,Brake Pads,1770
P0866,SR0866,Battery,3220
P0867,SR0867,Engine Oil,754
P0868,SR0868,Coolant,3948
P0869,SR0869,Battery,617
P0870,SR0870,Air Filter,5387
P0871,SR0871,Spark Plug,2058
P0872,SR0872,Brake Pads,3150
P0873,SR0873,Spark Plug,4976
P0874,SR0874,Battery,4591
P0875,SR0875,Spark Plug,1368
P0876,SR0876,Wiper Blade,4950
P0877,SR0877,Battery,2781
P0878,SR0878,Air Filter,624
P0879,SR0879,Oil Filter,2062
P0880,SR0880,Brake Pads,1558
P0881,SR0881,Engine Oil,2592
P0882,SR0882,Oil Filter,1808
P0883,SR0883,Air Filter,3141
P0884,SR0884,Coolant,2392
P0885,SR0885,Battery,5128
P0886,SR0886,Brake Pads,4602
P0887,SR0887,Coolant,4164
P0888,SR0888,Spark Plug,2861
P0889,SR0889,Coolant,1215
P0890,SR0890,Air Filter,4081
P0891,SR0891,Oil Filter,494
P0892,SR0892,Coolant,1533
P0893,SR0893,Oil Filter,4338
P0894,SR0894,Engine Oil,3313
P0895,SR0895,Battery,5761
P0896,SR0896,Wiper Blade,1442
P0897,SR0897,Oil Filter,1602
P0898,SR0898,Engine Oil,5161
P0899,SR0899,Engine Oil,5916
P0900,SR0900,Oil Filter,691
P0901,SR0901,Air Filter,4445
P0902,SR0902,Oil Filter,2769
P0903,SR0903,Battery,1373
P0904,SR0904,Air Filter,4623
P0905,SR0905,Spark Plug,1499
P0906,SR0906,Battery,5656
P0907,SR0907,Coolant,1310
P0908,SR0908,Coolant,4868
P0909,SR0909,Battery,5645
P0910,SR0910,Battery,1028
P0911,SR0911,Oil Filter,5359
P0912,SR0912,Engine Oil,3755
P0913,SR0913,Spark Plug,2377
P0914,SR0914,Wiper Blade,3445
P0915,SR0915,Air Filter,5861
P0916,SR0916,Engine Oil,1899
P0917,SR0917,Air Filter,4358
P0918,SR0918,Brake Pads,940
P0919,SR0919,Engine Oil,3507
P0920,SR0920,Spark Plug,2334
P0921,SR0921,Battery,2869
P0922,SR0922,Wiper Blade,723
P0923,SR0923,Wiper Blade,1554
P0924,SR0924,Spark Plug,1803
P0925,SR0925,Engine Oil,2713
P0926,SR0926,Coolant,622
P0927,SR0927,Brake Pads,1713
P0928,SR0928,Air Filter,3646
P0929,SR0929,Spark Plug,3059
P0930,SR0930,Oil Filter,581
P0931,SR0931,Wiper Blade,1542
P0932,SR0932,Engine Oil,4262
P0933,SR0933,Engine Oil,5870
P0934,SR0934,Brake Pads,3503
P0935,SR0935,Spark Plug,2499
P0936,SR0936,Engine Oil,5405
P0937,SR0937,Air Filter,2992
P0938,SR0938,Brake Pads,1529
P0939,SR0939,Wiper Blade,1417
P0940,SR0940,Wiper Blade,976
P0941,SR0941,Spark Plug,1501
P0942,SR0942,Coolant,1061
P0943,SR0943,Engine Oil,1655
P0944,SR0944,Engine Oil,1585
P0945,SR0945,Oil Filter,5073
P0946,SR0946,Coolant,5333
P0947,SR0947,Oil Filter,4140
P0948,SR0948,Oil Filter,454
P0949,SR0949,Oil Filter,320
P0950,SR0950,Coolant,1935
P0951,SR0951,Wiper Blade,4606
P0952,SR0952,Battery,1725
P0953,SR0953,Coolant,1054
P0954,SR0954,Engine Oil,5035
P0955,SR0955,Oil Filter,2567
P0956,SR0956,Wiper Blade,2613
P0957,SR0957,Oil Filter,1276
P0958,SR0958,Battery,5866
P0959,SR0959,Air Filter,4175
P0960,SR0960,Wiper Blade,2200
P0961,SR0961,Battery,3690
P0962,SR0962,Wiper Blade,3741
P0963,SR0963,Wiper Blade,4366
P0964,SR0964,Battery,5211
P0965,SR0965,Oil Filter,3803
P0966,SR0966,Air Filter,3707
P0967,SR0967,Battery,1481
P0968,SR0968,Engine Oil,3753
P0969,SR0969,Air Filter,1133
P0970,SR0970,Battery,2321
P0971,SR0971,Wiper Blade,556
P0972,SR0972,Air Filter,752
P0973,SR0973,Spark Plug,4740
P0974,SR0974,Coolant,5021
P0975,SR0975,Engine Oil,5518
P0976,SR0976,Air Filter,5007
P0977,SR0977,Wiper Blade,1910
P0978,SR0978,Coolant,307
P0979,SR0979,Battery,904
P0980,SR0980,Wiper Blade,790
P0981,SR0981,Battery,829
P0982,SR0982,Air Filter,1789
P0983,SR0983,Engine Oil,1440
P0984,SR0984,Battery,610
P0985,SR0985,Spark Plug,3950
P0986,SR0986,Air Filter,1315
P0987,SR0987,Engine Oil,4949
P0988,SR0988,Brake Pads,2599
P0989,SR0989,Wiper Blade,3813
P0990,SR0990,Engine Oil,2237
P0991,SR0991,Oil Filter,2843
P0992,SR0992,Wiper Blade,5917
P0993,SR0993,Wiper Blade,4643
P0994,SR0994,Brake Pads,1849
P0995,SR0995,Oil Filter,833
P0996,SR0996,Spark Plug,4310
P0997,SR0997,Battery,740
P0998,SR0998,Wiper Blade,1591
P0999,SR0999,Wiper Blade,3646
P1000,SR1000,Brake Pads,478
